"Time","Microsoft Latency"
1475183307222710495,695880048
1475183306822710495,1113788144
1475183307122710495,815859904
1475183306922710495,1016467712
1475183307422710495,516610976
1475183306722710495,1218613760
1475183306422710495,1518787936
1475183306622710495,1321914416 
1475183307022710495,925826576
1475183306522710495,1432987072
1475183307322710495,647062416
1475183306322713839,1656999520
1475183307522710495,664317104
1475183307622710495,567659152
1475183307722710495,525491488
1475183307822710495,481158272
1475183307922710495,475779856
1475183308022710495,460629328
1475183308122710495,473824464
1475183308322710495,330387648
1475183308222710495,562397248
1475183308422710495,401806800
1475183308522710495,404039488
1475183308622710495,311533120
1475183308722710495,285599648
1475183308822710495,321759008
1475183308922710495,271954208
1475183309022710495,277581024
1475183309122710495,290389664
1475183309222710495,266355712
1475183309322710495,302651424
1475183309422710495,281478976
1475183309522710495,317042608
1475183309622710495,335809168
1475183309722710495,302874560
1475183309822710495,334085376
1475183309922710495,314382192
1475183310022710495,354760608
1475183310122710495,351197344
1475183310222710495,274010080
1475183310322710495,319252576
1475183310422710495,364903040
1475183310522710495,301199424
1475183310622710495,297853248
1475183310722710495,332475056
1475183310822710495,291129392
1475183310922710495,281702896
1475183311022710495,315757408
1475183311122710495,301467168
1475183311222710495,348663808
1475183311322710495,278074672
1475183311422710495,351810336
1475183311522710495,341470000
1475183311622710495,320833056
1475183311722710495,317482000
1475183311822710495,265399744
1475183311922710495,287881536
1475183312022710495,269122944
1475183312122710495,302215632
1475183312222710495,313809440
1475183312322710495,288789200
1475183312422710495,279680512
1475183312522710495,327070576
1475183312622710495,288081632
1475183312722710495,289785520
1475183312822710495,339686768
1475183312922710495,264179056
1475183313022710495,305634464
1475183313122710495,311536336
1475183313222710495,289848800
1475183313322710495,261390720
1475183313422710495,279860640
1475183313522710495,287450368
1475183313622710495,332797856
1475183313722710495,256603744
1475183313822710495,259147104
1475183313922710495,260873760
1475183314022710495,321026416
1475183314122710495,349283152
1475183314222710495,287047952
1475183314322710495,395973744
1475183314422710495,330563248
1475183314522710495,262431104
1475183314622710495,314242976
1475183314722710495,326974944
1475183314822710495,269508240
1475183314922710495,280653200
1475183315022710495,268157360
1475183315122710495,267879296
1475183315222710495,265551200
1475183315322710495,258406064
1475183315422710495,462645264
1475183315522710495,373215616
1475183315622710495,293090480
1475183315722710495,326352032
1475183315822710495,303787056
1475183315922710495,297732432
1475183316022710495,293024064
1475183316122710495,294336784
1475183316222710495,283467616
1475183316322710495,274991952
1475183316422710495,344640864
1475183316522710495,343686992
1475183316622710495,492207232
1475183316722710495,561723360
1475183316822710495,476484448
1475183316922710495,427087824
1475183317022710495,449361744
1475183317222710495,321752352
1475183317122710495,427487584
1475183317322710495,489608064
1475183317422710495,463101216
1475183317522710495,390615376
1475183317622710495,368030528
1475183317722710495,301463280
1475183317822710495,352694960
1475183317922710495,371218816
1475183318022710495,419937872
1475183318122710495,547726688
1475183318222710495,566209584
1475183318422710495,429581120
1475183318522710495,332050000
1475183318322710495,543943136
1475183318622710495,272611248
1475183318722710495,285475632
1475183318822710495,395740960
1475183318922710495,360871424
1475183319022710495,436166864
1475183319122710495,336388960
1475183319222710495,431362416
1475183319322710495,421377264
1475183319422710495,349457744
1475183319522710495,298585168
1475183319622710495,264019280
1475183319722710495,385347296
1475183319822710495,317218624
1475183319922710495,287477104
1475183320022710495,289134656
1475183320122710495,280081184
1475183320222710495,287270048
1475183320322710495,268720144
1475183320422710495,281401440
1475183320522710495,296957088
1475183320622710495,337042592
1475183320722710495,383418032
1475183320822710495,364853520
1475183320922710495,373199808
1475183321022710495,303415792
1475183321122710495,334377760
1475183321222710495,310497568
1475183321322710495,381659008
1475183321422710495,340487920
1475183321522710495,321383968
1475183321622710495,326571584
1475183321722710495,288519952
1475183321822710495,277308576
1475183321922710495,266392640
1475183322122710495,321891792
1475183322022710495,431960512
1475183322222710495,345511104
1475183322322710495,351868672
1475183322422710495,295849536
1475183322522710495,297612448
1475183322622710495,368255936
1475183322722710495,338995376
1475183322822710495,290721392
1475183323022710495,291682752
1475183322922710495,441642192
1475183323122710495,671797808
1475183323222710495,609171712
1475183323322710495,568113536
1475183323622710495,414390928
1475183323522710495,527717648
1475183323422710495,652488032
1475183323822710495,293242224
1475183323722710495,494677936
1475183323922710495,306674768
1475183324122710495,335351344
1475183324022710495,529767952
1475183324222710495,446050240
1475183324422710495,336500128
1475183324322710495,454772176
1475183324522710495,308194960
1475183324622710495,342625056
1475183324722710495,385575456
1475183324822710495,330182976
1475183324922710495,262115792
1475183325022710495,303873248
1475183325122710495,284338352
1475183325222710495,273674688
1475183325322710495,275468992
1475183325422710495,344260016
1475183325522710495,367194800
1475183325622710495,324059808
1475183325722710495,343434032
1475183325822710495,291155296
1475183325922710495,341645552
1475183326022710495,309527792
1475183326122710495,407471216
1475183326222710495,339063056
1475183326322710495,316794192
1475183326422710495,335400128
1475183326522710495,355213232
1475183326622710495,452660128
1475183326722710495,354801648
1475183326922710495,313800384
1475183326822710495,445426656
1475183327122710495,281383168
1475183327222710495,342008480
1475183327022710495,543301824
1475183327422710495,313077552
1475183327322710495,440989328
1475183327522710495,264349232
1475183327622710495,345220304
1475183327822710495,320959856
1475183327722710495,493311568
1475183328022710495,352555040
1475183327922710495,508255872
1475183328122710495,336190512
1475183328322710495,317434160
1475183328222710495,450002176
1475183328422710495,266330704
1475183328522710495,302148320
1475183328622710495,299518592
1475183328722710495,352742576
1475183328822710495,289370336
1475183328922710495,330708864
1475183329022710495,333443440
1475183329122710495,461078496
1475183329222710495,410833488
1475183329522710495,339086896
1475183329322710495,575549872
1475183329422710495,501081744
1475183329622710495,320933872
1475183329722710495,361278016
1475183329822710495,338367744
1475183329922710495,344511184
1475183330022710495,296168224
1475183330122710495,322399376
1475183330222710495,531706672
1475183330422710495,342973424
1475183330322710495,466416000
1475183330522710495,330818560
1475183330622710495,394227696
1475183330722710495,330671136
1475183330822710495,372567184
1475183331022710495,287510944
1475183330922710495,388146480
1475183331122710495,322583840
1475183331222710495,315296992
1475183331322710495,367065280
1475183331422710495,320094112
1475183331522710495,319746496
1475183331622710495,291117552
1475183331722710495,517392032
1475183331822710495,436902560
1475183331922710495,367392336
1475183332022710495,347889200
1475183332122710495,331931312
1475183332522710495,418259600
1475183332322710495,625306928
1475183332222710495,727594480
1475183332722710495,342618752
1475183332422710495,646519296
1475183332822710495,362643392
1475183332622710495,563599872
1475183333022710495,357901840
1475183332922710495,460356336
1475183333122710495,306768832
1475183333222710495,309327312
1475183333322710495,317156736
1475183333422710495,292163600
1475183333522710495,259162784
1475183333622710495,268963600
1475183333822710495,243642464
1475183333722710495,349486736
1475183334022710495,272949664
1475183333922710495,494568944
1475183334122710495,296839712
1475183334222710495,259212448
1475183334322710495,350030144
1475183334422710495,375581856
1475183334522710495,332875440
1475183334622710495,307033760
1475183334722710495,281873696
1475183334922710495,311666112
1475183335022710495,326306960
1475183334822710495,588353168
1475183335122710495,379539584
1475183335222710495,296468752
1475183335322710495,260738400
1475183335422710495,268367728
1475183335522710495,395122752
1475183335622710495,309913216
1475183335722710495,317381904
1475183335822710495,290411296
1475183335922710495,270136528
1475183336022710495,261813536
1475183336122710495,352415408
1475183336222710495,301466192
1475183336322710495,337031264
1475183336422710495,322070752
1475183336522710495,293467872
1475183336622710495,424827312
1475183336722710495,385187936
1475183336822710495,388787152
1475183337022710495,301000976
1475183336922710495,440653872
1475183337122710495,346093424
1475183337222710495,297313952
1475183337322710495,328660080
1475183337422710495,282382032
1475183337522710495,391390208
1475183337622710495,352427856
1475183337722710495,294059232
1475183337822710495,277885072
1475183337922710495,264910544
1475183338122710495,278469472
1475183338022710495,416892912
1475183338222710495,285289424
1475183338322710495,280255808
1475183338422710495,255899552
1475183338522710495,269982064
1475183338622710495,256939408
1475183338722710495,318795728
1475183338822710495,326883920
1475183338922710495,283413488
1475183339022710495,328439376
1475183339122710495,359149424
1475183339222710495,299249792
1475183339322710495,326730320
1475183339422710495,285837264
1475183339522710495,361042640
1475183339622710495,303636544
1475183339722710495,264624944
1475183339822710495,265091760
1475183339922710495,290109360
1475183340022710495,292651616
1475183340122710495,392096736
1475183340222710495,303825392
1475183340322710495,296929936
1475183340422710495,400893856
1475183340522710495,332830016
1475183340622710495,286979968
1475183340722710495,301830400
1475183340822710495,358424176
1475183340922710495,331147664
1475183341022710495,319236912
1475183341122710495,294820240
1475183341222710495,310426944
1475183341322710495,289338240
1475183341422710495,268644928
1475183341522710495,300777424
1475183341622710495,305782832
1475183341822710495,298994688
1475183341922710495,290852688
1475183341722710495,507490400
1475183342022710495,356123936
1475183342122710495,324214912
1475183342222710495,267845296
1475183342322710495,285136384
1475183342422710495,442139488
1475183342622710495,262657536
1475183342522710495,417183584
1475183342722710495,414764464
1475183342822710495,316515216
1475183342922710495,255765744
1475183343022710495,256401328
1475183343122710495,274510672
1475183343222710495,310379008
1475183343322710495,285108800
1475183343422710495,284127152
1475183343522710495,320858000
1475183343622710495,302618144
1475183343722710495,280564480
1475183343822710495,268668192
1475183343922710495,261596448
1475183344022710495,274748080
1475183344122710495,314145360
1475183344222710495,326531456
1475183344322710495,293193648
1475183344422710495,295131904
1475183344522710495,271117088
1475183344622710495,297897824
1475183344722710495,313452928
1475183344822710495,333398080
1475183344922710495,306219760
1475183345022710495,254211280
1475183345122710495,467515776
1475183345322710495,303604704
1475183345222710495,521824384
1475183345422710495,401967376
1475183345522710495,304416032
1475183345622710495,245496528
1475183345822710495,314890720
1475183345722710495,438832912
1475183345922710495,327060416
1475183346022710495,266257264
1475183346122710495,270829440
1475183346222710495,276157952
1475183346322710495,263586512
1475183346422710495,341535488
1475183346522710495,301128208
1475183346622710495,361699424
1475183346722710495,358253216
1475183346822710495,428145104
1475183346922710495,342437712
1475183347022710495,254550608
1475183347122710495,368757600
1475183347222710495,309208752
1475183347322710495,318563232
1475183347422710495,300615664
1475183347522710495,306833104
1475183347622710495,301725344
1475183347722710495,285267328
1475183347922710495,263410336
1475183347822710495,385426240
1475183348022710495,339659776
1475183348122710495,333147472
1475183348222710495,301869008
1475183348322710495,298171680
1475183348422710495,464078400
1475183348522710495,533564000
1475183348622710495,445918928
1475183348722710495,531746864
1475183348822710495,592843344
1475183348922710495,568040816
1475183349222710495,312703584
1475183349022710495,536949392
1475183349122710495,466309488
1475183349322710495,364930784
1475183349422710495,285747344
1475183349522710495,288660880
1475183349622710495,318138080
1475183349722710495,310880992
1475183349822710495,409173120
1475183349922710495,323462832
1475183350022710495,282200880
1475183350122710495,274966944
1475183350222710495,265425568
1475183350322710495,431988288
1475183350422710495,441668432
1475183350522710495,462375968
1475183350722710495,282903936
1475183350622710495,398392400
1475183350822710495,299046688
1475183350922710495,301671776
1475183351022710495,281926096
1475183351122710495,356826608
1475183351222710495,272023888
1475183351322710495,277975232
1475183351422710495,372271264
1475183351522710495,308644176
1475183351622710495,258937728
1475183351722710495,300201376
1475183351822710495,331188768
1475183351922710495,333875840
1475183352022710495,314399024
1475183352122710495,270926880
1475183352222710495,354490144
1475183352322710495,297470400
1475183352422710495,286830624
1475183352522710495,286702752
1475183352622710495,293459360
1475183352722710495,293434480
1475183352822710495,345934512
1475183352922710495,405114368
1475183353022710495,402339232
1475183353222710495,273310464
1475183353122710495,375534960
1475183353422710495,332567552
1475183353322710495,444325104
1475183353522710495,355180544
1475183353622710495,434899760
1475183353722710495,431574256
1475183353822710495,409773792
1475183353922710495,390805600
1475183354022710495,317251360
1475183354122710495,306071008
1475183354222710495,265569232
1475183354322710495,271649808
1475183354422710495,289177344
1475183354522710495,257761984
1475183354622710495,362625184
1475183354822710495,298720992
1475183354722710495,408259440
1475183355022710495,508903984
1475183354922710495,623533360
1475183355122710495,532640288
1475183355222710495,461652576
1475183355522710495,284387152
1475183355422710495,400039152
1475183355322710495,506847488
1475183355622710495,337548080
1475183355722710495,352150528
1475183355822710495,284876352
1475183355922710495,279977504
1475183356022710495,278440720
1475183356122710495,295126656
1475183356222710495,339303088
1475183356322710495,392401712
1475183356422710495,381123520
1475183356522710495,345228128
1475183356622710495,398739344
1475183356722710495,382011456
1475183356822710495,419372160
1475183356922710495,343089488
1475183357022710495,322557120
1475183357122710495,334787056
1475183357222710495,268484976
1475183357322710495,327366928
1475183357522710495,307843664
1475183357422710495,411419840
1475183357622710495,292126368
1475183357722710495,370670432
1475183357822710495,299937744
1475183357922710495,285229424
1475183358022710495,371480016
1475183358122710495,328899280
1475183358222710495,514563808
1475183358422710495,354822672
1475183358322710495,458474240
1475183358522710495,369817440
1475183358622710495,361049760
1475183358722710495,262806864
1475183358822710495,321967840
1475183358922710495,359428592
1475183359022710495,335077168
1475183359122710495,350292768
1475183359222710495,319786656
1475183359322710495,333642704
1475183359422710495,276450704
1475183359522710495,326029456
1475183359622710495,297308048
1475183359722710495,312044448
1475183359822710495,320689488
1475183359922710495,319068976
1475183360022710495,292959136
1475183360122710495,260083424
1475183360222710495,272412864
1475183360322710495,254975552
1475183360422710495,265218672
1475183360522710495,310054528
1475183360622710495,522532352
1475183360722710495,492708624
1475183360822710495,516915264
1475183360922710495,443940720
1475183361022710495,352244432
1475183361122710495,255065248
1475183361222710495,295319408
1475183361322710495,356726656
1475183361422710495,322691776
1475183361522710495,291332000
1475183361622710495,349783968
1475183361722710495,320540528
1475183361822710495,316719216
1475183361922710495,286977408
1475183362022710495,523873808
1475183362122710495,471201360
1475183362222710495,548007216
1475183362322710495,448215920
1475183362422710495,702774928
1475183362522710495,693239120
1475183362722710495,560144608
1475183363022710495,306872240
1475183362822710495,518594896
1475183362622710495,721471504
1475183362922710495,425370224
1475183363122710495,335654592
1475183363222710495,260637696
1475183363322710495,354391424
1475183363422710495,280924032
1475183363522710495,263371520
1475183363622710495,301766928
1475183363722710495,250775936
1475183363822710495,337081456
1475183363922710495,320507824
1475183364022710495,325947936
1475183364122710495,304522432
1475183364222710495,391984336
1475183364322710495,325098544
1475183364422710495,283039088
1475183364522710495,349116032
1475183364622710495,272976656
1475183364722710495,315795312
1475183364822710495,332810944
1475183364922710495,438931744
1475183365022710495,426997168
1475183365122710495,430589776
1475183365222710495,348753904
1475183365322710495,267605376
1475183365422710495,320466544
1475183365522710495,270699440
1475183365622710495,320851200
1475183365722710495,298594224
1475183365822710495,322865680
1475183365922710495,306281440
1475183366022710495,318112928
1475183366122710495,403197920
1475183366222710495,350177440
1475183366322710495,312584240
1475183366422710495,296452496
1475183366522710495,345348992
1475183366622710495,319522048
1475183366722710495,295966912
1475183366822710495,311580192
1475183366922710495,319182736
1475183367122710495,271513264
1475183367022710495,391390256
1475183367222710495,285563408
1475183367322710495,292662064
1475183367422710495,320044576
1475183367522710495,314428544
1475183367622710495,402016352
1475183367722710495,530573840
1475183367822710495,637424400
1475183367922710495,559028416
1475183368122710495,376611792
1475183368022710495,476780800
1475183368222710495,304456016
1475183368322710495,498217312
1475183368422710495,427604240
1475183368522710495,394874832
1475183368722710495,410083984
1475183368622710495,558079616
1475183368822710495,436317728
1475183368922710495,487960208
1475183369022710495,422375520
1475183369122710495,351038720
1475183369222710495,335206768
1475183369422710495,372319712
1475183369322710495,475051520
1475183369522710495,377948752
1475183369622710495,326474080
1475183369722710495,308655648
1475183369822710495,270470176
1475183369922710495,277152128
1475183370022710495,332513984
1475183370122710495,269654448
1475183370222710495,390661328
1475183370322710495,375080576
1475183370422710495,319324240
1475183370522710495,285926624
1475183370622710495,357607680
1475183370722710495,339078608
1475183370822710495,442857872
1475183370922710495,353154112
1475183371022710495,320337744
1475183371122710495,378579296
1475183371222710495,314393296
1475183371322710495,318892240
1475183371422710495,335478736
1475183371522710495,314827456
1475183371622710495,264824832
1475183371722710495,286258032
1475183371822710495,288487440
1475183371922710495,297286848
1475183372022710495,331288960
1475183372122710495,410008048
1475183372222710495,312934048
1475183372322710495,334747184
1475183372422710495,330247360
1475183372522710495,304559152
1475183372622710495,474669312
1475183372722710495,416313408
1475183372822710495,316478512
1475183372922710495,251116848
1475183373022710495,289318848
1475183373122710495,320570192
1475183373222710495,390927216
1475183373322710495,371865200
1475183373422710495,357216944
1475183373522710495,294390016
1475183373622710495,302846864
1475183373722710495,311692192
1475183373822710495,288678192
1475183373922710495,303219088
1475183374022710495,261866672
1475183374122710495,412797824
1475183374322710495,277805872
1475183374222710495,413905072
1475183374422710495,268170624
1475183374522710495,336182512
1475183374622710495,277151120
1475183374722710495,346956304
1475183374822710495,343149376
1475183374922710495,306974736
1475183375122710495,278183024
1475183375222710495,272840752
1475183375022710495,506967424
1475183375322710495,347674752
1475183375522710495,296270976
1475183375422710495,404959008
1475183375622710495,343300464
1475183375722710495,304735120
1475183375822710495,435114128
1475183375922710495,337267712
1475183376022710495,372272144
1475183376122710495,301298976
1475183376222710495,280122752
1475183376322710495,445270464
1475183376422710495,477401952
1475183376522710495,409927168
1475183376622710495,327139008
1475183376722710495,259488848
1475183376822710495,284971600
1475183376922710495,345629328
1475183377022710495,465724752
1475183377122710495,472169296
1475183377222710495,547986656
1475183377422710495,492232112
1475183377522710495,422813632
1475183377322710495,680760176
1475183377622710495,420798096
1475183377722710495,529542784
1475183377822710495,467267632
1475183377922710495,444868144
1475183378222710495,374131632
1475183378022710495,576555168
1475183378122710495,476711232
1475183378322710495,352773520
1475183378422710495,423093888
1475183378522710495,365300304
1475183378622710495,342571248
1475183378722710495,321808576
1475183378822710495,447525744
1475183378922710495,469600656
1475183379022710495,553172176
1475183379122710495,537456208
1475183379222710495,440160656
1475183379322710495,383566176
1475183379422710495,341749856
1475183379522710495,311630448
1475183379722710495,313455264
1475183379622710495,430782896
1475183379822710495,272199792
1475183380022710495,290494512
1475183379922710495,468330864
1475183380122710495,313186832
1475183380222710495,348710896
1475183380322710495,310799920
1475183380422710495,296740848
1475183380522710495,258204320
1475183380622710495,334161504
1475183380722710495,300473168
1475183380922710495,312923984
1475183380822710495,413231488
1475183381022710495,323156832
1475183381122710495,316134256
1475183381222710495,268690848
1475183381322710495,271850240
1475183381422710495,257825536
1475183381522710495,286865360
1475183381622710495,271689120
1475183381822710495,297014992
1475183381722710495,484432480
1475183381922710495,354304256
1475183382122710495,297991216
1475183382022710495,411667856
1475183382222710495,310325888
1475183382322710495,352319904
1475183382422710495,298006960
1475183382522710495,325270368
1475183382622710495,264464176
1475183382722710495,281049616
1475183382822710495,274115680
1475183383022710495,304485072
1475183383122710495,252894048
1475183382922710495,479030656
1475183383222710495,286906208
1475183383322710495,515829136
1475183383422710495,517112784
1475183383522710495,627833152
1475183383622710495,567156976
1475183383822710495,392526176
1475183383722710495,505822816
1475183383922710495,397623024
1475183384022710495,325302176
1475183384122710495,323078592
1475183384222710495,301908960
1475183384322710495,303127488
1475183384422710495,304764656
1475183384522710495,377939200
1475183384622710495,388808544
1475183384822710495,290217504
1475183384722710495,457163120
1475183384922710495,333959472
1475183385022710495,374058288
1475183385222710495,287657184
1475183385122710495,414767840
1475183385322710495,376770576
1475183385422710495,325943696
1475183385522710495,277960336
1475183385622710495,290280752
1475183385822710495,295576400
1475183385722710495,401432592
1475183385922710495,366193648
1475183386022710495,318417504
1475183386122710495,464902736
1475183386222710495,366230816
1475183386322710495,376222880
1475183386422710495,278366864
1475183386522710495,300647280
1475183386622710495,277314928
1475183386722710495,336781664
1475183386822710495,345950032
1475183386922710495,419551184
1475183387022710495,322294272
1475183387122710495,366390704
1475183387222710495,304627920
1475183387322710495,359128336
1475183387422710495,353755536
1475183387522710495,302421600
1475183387622710495,310553840
1475183387722710495,260822448
1475183387922710495,337550064
1475183387822710495,454426528
1475183388022710495,304417920
1475183388122710495,317516784
1475183388222710495,271397296
1475183388322710495,319730976
1475183388422710495,290293888
1475183388522710495,288953712
1475183388622710495,311983088
1475183388722710495,270645296
1475183388822710495,379420144
1475183388922710495,402972464
1475183389022710495,354380016
1475183389122710495,346887104
1475183389322710495,315409360
1475183389222710495,470506880
1475183389422710495,323081920
1475183389622710495,333073184
1475183389522710495,496919664
1475183389722710495,326069104
1475183389822710495,337457920
1475183389922710495,357515312
1475183390022710495,401112640
1475183390122710495,347479904
1475183390322710495,290828736
1475183390222710495,405724832
1475183390422710495,311850000
1475183390522710495,356167680
1475183390622710495,301633120
1475183390722710495,310401120
1475183390822710495,382020496
1475183390922710495,381227984
1475183391022710495,323642384
1475183391122710495,663336784
1475183391222710495,810388432
1475183391422710495,646018944
1475183391322710495,886797472
1475183391622710495,686954144
1475183391522710495,841263648
1475183391822710495,575189776
1475183391722710495,686055904
1475183391922710495,486109632
1475183392122710495,422291872
1475183392022710495,573969760
1475183392222710495,472632208
1475183392322710495,417016752
1475183392422710495,392714368
1475183392522710495,345510112
1475183392722710495,321034448
1475183392822710495,366451344
1475183392622710495,582904576
1475183392922710495,403792560
1475183393022710495,482575424
1475183393122710495,428904976
1475183393222710495,332779984
1475183393322710495,344888496
1475183393422710495,364153920
1475183393522710495,374015952
1475183393622710495,305539664
1475183393722710495,357920896
1475183393922710495,335129936
1475183393822710495,501174560
1475183394022710495,363156160
1475183394122710495,414789328
1475183394222710495,366362864
1475183394322710495,316261808
1475183394422710495,302450928
1475183394522710495,301814624
1475183394622710495,328682816
1475183394722710495,287633888
1475183394822710495,310232224
1475183394922710495,292916288
1475183395022710495,271225664
1475183395122710495,403469552
1475183395222710495,398967760
1475183395322710495,332039920
1475183395422710495,359963648
1475183395522710495,367813264
1475183395722710495,269585744
1475183395622710495,404244256
1475183395822710495,294695008
1475183395922710495,450667072
1475183396022710495,353206400
1475183396122710495,321166496
1475183396222710495,322469568
1475183396322710495,313499904
1475183396422710495,309623936
1475183396522710495,282754304
1475183396622710495,281049920
1475183396722710495,320992304
1475183396822710495,288369264
1475183396922710495,295902704
1475183397022710495,320129392
1475183397122710495,317552080
1475183397222710495,263126768
1475183397322710495,308164608
1475183397422710495,298452144
1475183397522710495,288569056
1475183397622710495,305111504
1475183397722710495,283226672
1475183397822710495,283041168
1475183397922710495,314477872
1475183398022710495,276709648
1475183398122710495,271487728
1475183398222710495,343750544
1475183398322710495,302704976
1475183398422710495,317289792
1475183398522710495,273040960
1475183398722710495,273115808
1475183398622710495,401607072
1475183398822710495,305420768
1475183398922710495,358702112
1475183399022710495,371726240
1475183399122710495,316240896
1475183399222710495,359346256
1475183399322710495,273896624
1475183399422710495,319994624
1475183399522710495,246471312
1475183399622710495,294309968
1475183399722710495,323398752
1475183399822710495,377464416
1475183399922710495,380369264
1475183400022710495,326576768
1475183400122710495,339350640
1475183400222710495,373686000
1475183400322710495,327402848
1475183400422710495,450226432
1475183400522710495,510304784
1475183400622710495,429529728
1475183400822710495,329960880
1475183400722710495,457791072
1475183400922710495,279088512
1475183401022710495,309390848
1475183401122710495,253082320
1475183401222710495,290911248
1475183401322710495,315779600
1475183401422710495,280553584
1475183401522710495,286790272
1475183401622710495,305177920
1475183401722710495,271260256
1475183401822710495,295911760
1475183401922710495,367341888
1475183402022710495,292530576
1475183402122710495,517580592
1475183402222710495,479329408
1475183402322710495,494650576
1475183402522710495,318649392
1475183402422710495,442129680
1475183402622710495,363393104
1475183402722710495,298094640
1475183402822710495,275092480
1475183402922710495,375872928
1475183403022710495,331985520
1475183403122710495,371318192
1475183403222710495,403555984
1475183403322710495,365781808
1475183403422710495,295615296
1475183403522710495,264571232
1475183403722710495,306600608
1475183403622710495,407883824
1475183403822710495,377213680
1475183404122710495,365271776
1475183404022710495,473973376
1475183404222710495,299929472
1475183403922710495,612024080
1475183404322710495,329163152
1475183404422710495,291613216
1475183404522710495,351272480
1475183404722710495,325382592
1475183404622710495,514501680
1475183404822710495,367195296
1475183404922710495,288509504
1475183405022710495,319935136
1475183405122710495,303383664
1475183405222710495,304548048
1475183405322710495,298418912
1475183405522710495,283228400
1475183405422710495,432996960
1475183405622710495,289327184
1475183405722710495,273378352
1475183405822710495,260077104
1475183405922710495,375180528
1475183406022710495,370005728
1475183406122710495,371892960
1475183406322710495,275882624
1475183406222710495,381196016
1475183406422710495,355510688
1475183406522710495,380132256
1475183406622710495,477920560
1475183406822710495,315565504
1475183406722710495,443016320
1475183406922710495,293092240
1475183407022710495,473103760
1475183407122710495,403406336
1475183407222710495,313217488
1475183407322710495,334264256
1475183407422710495,294071472
1475183407622710495,333459616
1475183407722710495,260852800
1475183407522710495,467761296
1475183407922710495,405477744
1475183408122710495,304475616
1475183407822710495,613427776
1475183408222710495,255177504
1475183408022710495,520153824
1475183408322710495,317390880
1475183408522710495,323083360
1475183408422710495,424761552
1475183408622710495,383557040
1475183408722710495,313094800
1475183408822710495,334724288
1475183408922710495,406942832
1475183409022710495,384482288
1475183409122710495,316993888
1475183409222710495,280134896
1475183409322710495,261352672
1475183409422710495,374637328
1475183409522710495,294545600
1475183409622710495,446567920
1475183409722710495,379784960
1475183409822710495,319796880
1475183409922710495,422280160
1475183410022710495,370968096
1475183410122710495,272776304
1475183410222710495,330006480
1475183410322710495,368230064
1475183410422710495,444510848
1475183410622710495,369211936
1475183410522710495,478532768
1475183410722710495,439826608
1475183410822710495,354431776
1475183410922710495,335500976
1475183411122710495,267591344
1475183411022710495,384575968
1475183411322710495,287435264
1475183411422710495,396959872
1475183411522710495,343983440
1475183411622710495,340355728
1475183411222710495,759293744
1475183411722710495,329503680
1475183411822710495,353152352
1475183411922710495,301296256
1475183412022710495,379785200
1475183412122710495,288086048
1475183412322710495,259610368
1475183412222710495,382987248
1475183412422710495,295415728
1475183412522710495,399544096
1475183412622710495,319827536
1475183412722710495,259946368
1475183412822710495,254923696
1475183413022710495,319448544
1475183412922710495,435443472
1475183413122710495,301499040
1475183413222710495,392389040
1475183413322710495,374532224
1475183413422710495,390728912
1475183413522710495,351791264
1475183413622710495,361504048
1475183413722710495,291791200
1475183413822710495,389500960
1475183413922710495,315206528
1475183414022710495,267566416
1475183414122710495,324929136
1475183414222710495,294969936
1475183414322710495,293484800
1475183414422710495,280870576
1475183414622710495,354558656
1475183414522710495,455201856
1475183414722710495,350433664
1475183414822710495,363408464
1475183414922710495,365889248
1475183415022710495,332067904
1475183415122710495,307016640
1475183415222710495,285770320
1475183415322710495,277962032
1475183415522710495,373779888
1475183415422710495,476345504
1475183415622710495,311178672
1475183415722710495,331985152
1475183415822710495,355606016
1475183415922710495,347299040
1475183416022710495,438496960
1475183416122710495,355451040
1475183416222710495,284338528
1475183416322710495,338795808
1475183416422710495,475622944
1475183416522710495,453663792
1475183416722710495,369788864
1475183416822710495,281702064
1475183416622710495,481709184
1475183417022710495,292520032
1475183416922710495,463056144
1475183417122710495,298145024
1475183417222710495,355373440
1475183417322710495,381179392
1475183417422710495,344395184
1475183417522710495,280162464
1475183417722710495,306981488
1475183417622710495,409960160
1475183417822710495,324006752
1475183417922710495,373055664
1475183418122710495,371604720
1475183418022710495,577664768
1475183418222710495,401285200
1475183418322710495,329815664
1475183418422710495,329120432
1475183418522710495,319428960
1475183418722710495,312740768
1475183418822710495,266161840
1475183418622710495,542103632
1475183418922710495,321934976
1475183419022710495,310859440
1475183419122710495,262334480
1475183419222710495,287200896
1475183419322710495,322058960
1475183419422710495,287904352
1475183419522710495,327794288
1475183419622710495,339650032
1475183419722710495,297559408
1475183419822710495,271713872
1475183419922710495,360504544
1475183420022710495,365062672
1475183420122710495,346417424
1475183420222710495,477032672
1475183420322710495,411496208
1475183420422710495,318064080
1475183420522710495,250752816
1475183420622710495,304169440
1475183420722710495,351980320
1475183420822710495,292322912
1475183420922710495,330421824
1475183421022710495,281087344
1475183421122710495,374674448
1475183421222710495,415234432
1475183421322710495,323247392
1475183421522710495,326849088
1475183421422710495,624928368
1475183421622710495,469978496
1475183421822710495,316874880
1475183421722710495,424890752
1475183421922710495,276320640
1475183422022710495,373944192
1475183422122710495,343997568
1475183422222710495,330633744
1475183422322710495,343818704
1475183422422710495,294629280
1475183422522710495,336502560
1475183422622710495,310839680
1475183422722710495,268671024
1475183422822710495,313819088
1475183423022710495,300769104
1475183422922710495,405582352
1475183423122710495,351955056
1475183423222710495,281427296
1475183423322710495,365963856
1475183423422710495,325555904
1475183423522710495,296415840
1475183423622710495,304949120
1475183423722710495,416175872
1475183423822710495,358589216
1475183423922710495,292695904
1475183424022710495,310369200
1475183424122710495,265934784
1475183424222710495,323538784
1475183424322710495,278712432
1475183424522710495,310089248
1475183424422710495,473314896
1475183424622710495,308641056
1475183424722710495,299362672
1475183424822710495,271602176
1475183425022710495,338867984
1475183424922710495,443628848
1475183425122710495,394589184
1475183425222710495,330382176
1475183425322710495,291084880
1475183425522710495,353760640
1475183425422710495,477641920
1475183425622710495,308664000
1475183425722710495,282695424
1475183425822710495,399366528
1475183425922710495,365599728
1475183426022710495,343326784
1475183426122710495,341345664
1475183426222710495,434615936
1475183426322710495,464874656
1475183426422710495,393443056
1475183426522710495,422173168
1475183426722710495,341504000
1475183426622710495,457254224
1475183426822710495,259299008
1475183426922710495,287295600
1475183427022710495,257901440
1475183427122710495,292632048
1475183427222710495,314231360
1475183427322710495,313239360
1475183427422710495,379569376
1475183427522710495,299352880
1475183427622710495,331881376
1475183427722710495,258877168
1475183427822710495,286715536
1475183427922710495,324097840
1475183428022710495,295692512
1475183428122710495,283308432
1475183428222710495,451699216
1475183428322710495,391340752
1475183428422710495,420345888
1475183428622710495,316497616
1475183428522710495,424060160
1475183428722710495,272152528
1475183428822710495,302655088
1475183428922710495,340867056
1475183429022710495,329922880
1475183429122710495,266811664
1475183429222710495,323578240
1475183429322710495,315709088
1475183429422710495,295998560
1475183429522710495,284337168
1475183429622710495,426776112
1475183429722710495,396492416
1475183429822710495,441707152
1475183429922710495,343716304
1475183430122710495,317550368
1475183430022710495,523772496
1475183430222710495,523398112
1475183430322710495,474785360
1475183430422710495,566676016
1475183430622710495,414049824
1475183430522710495,520677600
1475183430722710495,428239776
1475183430922710495,341907808
1475183431022710495,310186944
1475183431122710495,287482736
1475183430822710495,698004592
1475183431222710495,378623120
1475183431322710495,354191488
1475183431422710495,391473008
1475183431522710495,357143024
1475183431622710495,403557824
1475183431722710495,449146896
1475183431822710495,457436400
1475183431922710495,440024320
1475183432022710495,448667616
1475183432122710495,378049936
1475183432222710495,362656032
1475183432322710495,319989584
1475183432422710495,361551152
1475183432522710495,314533680
1475183432622710495,298206272
1475183432722710495,329971104
1475183432822710495,339947664
1475183432922710495,304147872
1475183433022710495,326459712
1475183433122710495,285589344
1475183433222710495,312106832
1475183433322710495,313420912
1475183433422710495,287796400
1475183433522710495,313402576
1475183433622710495,301134064
1475183433722710495,307871008
1475183433822710495,301957216
1475183433922710495,328783568
1475183434022710495,339150864
1475183434122710495,321340640
1475183434222710495,343566016
1475183434322710495,378274128
1475183434422710495,331319936
1475183434522710495,284897024
1475183434622710495,320777536
1475183434722710495,268167200
1475183434822710495,308166592
1475183434922710495,309731296
1475183435022710495,332414096
1475183435122710495,298148880
1475183435222710495,284334880
1475183435322710495,396444832
1475183435422710495,323869024
1475183435622710495,334246560
1475183435522710495,473886512
1475183435922710495,342798256
1475183435822710495,472482880
1475183435722710495,623244544
1475183436122710495,297793648
1475183436022710495,410431264
1475183436222710495,278583312
1475183436322710495,284960032
1475183436422710495,232083088
1475183436522710495,274413344
1475183436622710495,283252896
1475183436722710495,308130928
1475183436822710495,305371488
1475183436922710495,460677712
1475183437022710495,720659168
1475183437122710495,661465904
1475183437222710495,610028448
1475183437322710495,513285760
1475183437422710495,461545568
1475183437522710495,409155808
1475183437622710495,351645808
1475183437722710495,302922672
1475183437822710495,281884368
1475183437922710495,284779936
1475183438022710495,328142512
1475183438122710495,357543536
1475183438222710495,286989024
1475183438322710495,401488048
1475183438422710495,432452944
1475183438622710495,386026208
1475183438522710495,502442128
1475183438722710495,306540992
1475183438822710495,315791392
1475183438922710495,292559552
1475183439022710495,290591776
1475183439122710495,277847344
1475183439222710495,276081168
1475183439322710495,382051952
1475183439422710495,319450208
1475183439522710495,332965200
1475183439622710495,273412304
1475183439722710495,301744352
1475183439822710495,251703840
1475183439922710495,293221280
1475183440022710495,252599248
1475183440122710495,259914480
1475183440222710495,325921008
1475183440322710495,308785952
1475183440522710495,298208432
1475183440422710495,440881120
1475183440622710495,311743712
1475183440722710495,254525584
1475183440822710495,329094192
1475183440922710495,365501184
1475183441022710495,300344896
1475183441122710495,365228400
1475183441222710495,364905040
1475183441322710495,363336000
1475183441422710495,433845264
1475183441722710495,307827968
1475183441522710495,524001696
1475183441622710495,513978000
1475183441822710495,393103504
1475183441922710495,330830112
1475183442022710495,385655920
1475183442122710495,376492928
1475183442222710495,307169344
1475183442322710495,423067392
1475183442422710495,329161392
1475183442522710495,355309328
1475183442622710495,267409104
1475183442722710495,358404800
1475183442822710495,380077568
1475183442922710495,355588176
1475183443022710495,285216624
1475183443122710495,317884752
1475183443222710495,309533488
1475183443322710495,292001728
1475183443422710495,338990320
1475183443522710495,318230880
1475183443622710495,297546896
1475183443722710495,409773696
1475183443822710495,312851280
1475183444022710495,272230048
1475183443922710495,462468320
1475183444122710495,289553088
1475183444222710495,337656704
1475183444322710495,278482128
1475183444422710495,265046096
1475183444522710495,358914528
1475183444622710495,392237952
1475183444822710495,258824496
1475183444722710495,378723216
1475183444922710495,251087536
1475183445022710495,317639984
1475183445122710495,326752736
1475183445222710495,307622032
1475183445322710495,332101824
1475183445422710495,246810496
1475183445522710495,274842752
1475183445622710495,287542560
1475183445722710495,322477184
1475183445822710495,279696368
1475183445922710495,374265104
1475183446022710495,403324704
1475183446122710495,304983904
1475183446222710495,295623056
1475183446322710495,305556640
1475183446522710495,257740688
1475183446422710495,379342048
1475183446622710495,334875424
1475183446722710495,288101424
1475183446822710495,304174592
1475183446922710495,441993536
1475183447022710495,454341120
1475183447122710495,361363856
1475183447222710495,388490544
1475183447322710495,353391888
1475183447422710495,410696752
1475183447522710495,496674752
1475183447722710495,314168544
1475183447622710495,427368208
1475183447822710495,293251760
1475183447922710495,290877392
1475183448022710495,263389936
1475183448122710495,259419264
1475183448222710495,364951760
1475183448322710495,330604944
1475183448522710495,291659328
1475183448422710495,399905104
1475183448622710495,292137792
1475183448722710495,333537680
1475183448822710495,355044208
1475183448922710495,467293456
1475183449022710495,369305248
1475183449122710495,380185520
1475183449222710495,280669392
1475183449322710495,288624208
1475183449422710495,301231920
1475183449522710495,260205600
1475183449622710495,492910496
1475183449722710495,657965024
1475183449822710495,635218512
1475183449922710495,566016256
1475183450122710495,381904688
1475183450222710495,326033408
1475183450022710495,533712976
1475183450322710495,335897264
1475183450522710495,344498848
1475183450422710495,475355232
1475183450722710495,343838224
1475183450622710495,493496352
1475183450922710495,292599296
1475183450822710495,431126336
1475183451022710495,259598496
1475183451222710495,273520720
1475183451122710495,415576816
1475183451322710495,286372896
1475183451422710495,391821056
1475183451622710495,319864192
1475183451522710495,432452416
1475183451722710495,312553760
1475183451822710495,352891952
1475183451922710495,422689888
1475183452022710495,397044432
1475183452122710495,383270304
1475183452322710495,265334704
1475183452222710495,396922976
1475183452422710495,334912224
1475183452622710495,288520288
1475183452522710495,428903472
1475183452722710495,261804224
1475183452822710495,387257008
1475183452922710495,301954592
1475183453022710495,320362048
1475183453122710495,504935696
1475183453222710495,408515200
1475183453322710495,461682416
1475183453622710495,307942576
1475183453522710495,416235904
1475183453422710495,597780336
1475183453722710495,720930144
1475183453922710495,526864320
1475183453822710495,733300112
1475183454022710495,572260768
1475183454222710495,459600816
1475183454322710495,362213840
1475183454122710495,621972752
1475183454422710495,373038192
1475183454522710495,396435504
1475183454722710495,305009392
1475183454622710495,407814432
1475183454822710495,325752608
1475183454922710495,425621360
1475183455022710495,378529056
1475183455122710495,314607648
1475183455322710495,255949952
1475183455422710495,320482704
1475183455222710495,579523920
1475183455522710495,307007024
1475183455622710495,377272384
1475183455722710495,404967824
1475183455822710495,312143136
1475183455922710495,266193520
1475183456022710495,326851296
1475183456122710495,458572720
1475183456322710495,282627648
1475183456222710495,398476752
1475183456422710495,378289536
1475183456522710495,368510496
1475183456622710495,276411792
1475183456722710495,266892880
1475183456822710495,268538192
1475183456922710495,364366064
1475183457022710495,468926336
1475183457222710495,288735216
1475183457122710495,411376928
1475183457322710495,276530560
1475183457422710495,290430208
1475183457522710495,311184896
1475183457722710495,359388080
1475183457822710495,268157520
1475183457622710495,480659760
1475183457922710495,256803504
1475183458122710495,273714560
1475183458022710495,380264352
1475183458222710495,318947648
1475183458322710495,330416656
1475183458422710495,283220176
1475183458522710495,263982192
1475183458622710495,246854208
1475183458722710495,344570752
1475183458822710495,359812416
1475183458922710495,360342528
1475183459022710495,343100384
1475183459122710495,322470032
1475183459222710495,295885776
1475183459322710495,353558784
1475183459522710495,254085072
1475183459622710495,270691776
1475183459422710495,482101632
1475183459722710495,281274688
1475183459822710495,321585632
1475183459922710495,280632688
1475183460022710495,310268208
1475183460122710495,302014128
1475183460222710495,282039568
1475183460322710495,313217024
1475183460522710495,266738912
1475183460422710495,384976704
1475183460622710495,273557280
1475183460722710495,309426288
1475183460822710495,294807360
1475183460922710495,300940352
1475183461022710495,334057728
1475183461122710495,345025088
1475183461222710495,349333488
1475183461322710495,318790224
1475183461422710495,363872384
1475183461522710495,346055424
1475183461722710495,307911040
1475183461622710495,420372256
1475183461822710495,436756464
1475183461922710495,432547312
1475183462022710495,443644944
1475183462122710495,366355168
1475183462222710495,318444256
1475183462322710495,275234704
1475183462422710495,270681264
1475183462622710495,273094320
1475183462522710495,431655216
1475183462722710495,366838624
1475183462822710495,324943664
1475183462922710495,302176128
1475183463122710495,322028288
1475183463022710495,423546864
1475183463222710495,331861936
1475183463322710495,388351152
1475183463422710495,386266560
1475183463522710495,505390176
1475183463622710495,447995312
1475183463822710495,365027728
1475183463722710495,471900336
1475183463922710495,273203184
1475183464022710495,353481888
1475183464122710495,256019200
1475183464222710495,493432704
1475183464422710495,432585232
1475183464322710495,558161328
1475183464522710495,371314608
1475183464622710495,305475472
1475183464722710495,285362704
1475183464822710495,382446704
1475183464922710495,297861184
1475183465022710495,337881456
1475183465222710495,304345232
1475183465122710495,444327824
1475183465322710495,297796736
1475183465422710495,378478208
1475183465522710495,345685728
1475183465622710495,274391584
1475183465922710495,341709456
1475183465822710495,447346048
1475183465722710495,599160032
1475183466022710495,462054272
1475183466222710495,300263968
1475183466122710495,405102352
1475183466322710495,266071888
1475183466422710495,302729376
1475183466522710495,243838672
1475183466622710495,299619088
1475183466822710495,264091680
1475183466722710495,370447648
1475183466922710495,296237648
1475183467022710495,290381088
1475183467122710495,266812944
1475183467222710495,311141520
1475183467322710495,260665856
1475183467422710495,328329232
1475183467522710495,322804944
1475183467622710495,323960480
1475183467722710495,303566240
1475183467922710495,348750448
1475183467822710495,540922816
1475183468022710495,373374752
1475183468122710495,415278832
1475183468222710495,409836000
1475183468322710495,343156816
1475183468422710495,280665392
1475183468522710495,279560240
1475183468622710495,312389088
1475183468722710495,284022816
1475183468822710495,278212288
1475183468922710495,302787936
1475183469122710495,272320448
1475183469222710495,318314624
1475183469322710495,308801168
1475183469022710495,685782912
1475183469422710495,357930208
1475183469522710495,283890192
1475183469622710495,323036960
1475183469722710495,483880640
1475183469822710495,384011664
1475183469922710495,510090560
1475183470122710495,405720976
1475183470022710495,542125536
1475183470222710495,395867776
1475183470322710495,396192512
1475183470422710495,410257008
1475183470522710495,395878704
1475183470622710495,354992864
1475183470722710495,334406352
1475183470822710495,383384816
1475183470922710495,1040850704
1475183471022710495,1052776288
1475183471122710495,1042254816
1475183471722710495,444789568
1475183471222710495,945470896
1475183471622710495,555356976
1475183471522710495,659723776
1475183471422710495,771041024
1475183471322710495,872507872
1475183471822710495,389462080
1475183471922710495,338235920
1475183472022710495,331246048
1475183472122710495,306578272
1475183472222710495,279117504
1475183472322710495,361254080
1475183472522710495,375147168
1475183472422710495,479274576
1475183472622710495,361435152
1475183472822710495,328203728
1475183472722710495,442206160
1475183472922710495,286521312
1475183473022710495,326785008
1475183473122710495,322242464
1475183473222710495,353942816
1475183473322710495,288643344
1475183473422710495,270510672
1475183473522710495,277665360
1475183473622710495,373983744
1475183473722710495,309530432
1475183473822710495,330569888
1475183473922710495,326183536
1475183474022710495,352095856
1475183474122710495,322619728
1475183474222710495,364774672
1475183474322710495,394600288
1475183474422710495,367373200
1475183474522710495,295978128
1475183474622710495,307043296
1475183474722710495,255499360
1475183474822710495,297115664
1475183474922710495,265477376
1475183475122710495,291378208
1475183475022710495,398819744
1475183475222710495,423330960
1475183475422710495,410474960
1475183475322710495,527806928
1475183475622710495,316244400
1475183475522710495,423615456
1475183475722710495,294255712
1475183475922710495,323229472
1475183475822710495,471422432
1475183476022710495,309018192
1475183476122710495,256047840
1475183476322710495,314154624
1475183476222710495,426233040
1475183476422710495,263588576
1475183476522710495,356027408
1475183476622710495,309338784
1475183476722710495,339369216
1475183476822710495,253499840
1475183476922710495,272365776
1475183477022710495,357579776
1475183477122710495,337344736
1475183477222710495,344852704
1475183477322710495,315498704
1475183477422710495,355944256
1475183477522710495,481137584
1475183477722710495,287380960
1475183477622710495,511700272
1475183477922710495,300443776
1475183477822710495,418464224
1475183478022710495,290732464
1475183478122710495,409142272
1475183478222710495,349670512
1475183478322710495,360003376
1475183478522710495,297515760
1475183478422710495,433191776
1475183478722710495,326789120
1475183478822710495,275012144
1475183478622710495,525890192
1475183478922710495,325085744
1475183479022710495,249815104
1475183479122710495,262774720
1475183479222710495,365555200
1475183479322710495,305109744
1475183479422710495,314436080
1475183479522710495,368539584
1475183479622710495,322298368
1475183479722710495,264748064
1475183479822710495,284696000
1475183479922710495,287873792
1475183480022710495,315054928
1475183480122710495,324714096
1475183480222710495,322514832
1475183480322710495,465252192
1475183480422710495,388640288
1475183480522710495,479264672
1475183480722710495,304209472
1475183480622710495,589742352
1475183480822710495,476734992
1475183480922710495,485232160
1475183481222710495,265205088
1475183481122710495,399040688
1475183481022710495,533169376
1475183481322710495,291291264
1475183481422710495,355009168
1475183481522710495,282665984
1475183481622710495,377909488
1475183481822710495,405447280
1475183481722710495,516137824
1475183481922710495,340259120
1475183482022710495,356779408
1475183482122710495,276533712
1475183482422710495,317293856
1475183482222710495,522488064
1475183482322710495,440946512
1475183482522710495,293561040
1475183482622710495,302522352
1475183482722710495,286026912
1475183482822710495,266107520
1475183482922710495,308335312
1475183483022710495,437544320
1475183483222710495,298235424
1475183483122710495,413510048
1475183483322710495,282384048
1475183483422710495,323601440
1475183483522710495,354761168
1475183483622710495,406473984
1475183483722710495,337279664
1475183483822710495,334420976
1475183483922710495,446197904
1475183484122710495,341829120
1475183484022710495,516239216
1475183484222710495,367944720
1475183484322710495,310199920
1475183484422710495,305561424
1475183484522710495,272119536
1475183484622710495,378501104
1475183484722710495,360024816
1475183484822710495,326538320
1475183484922710495,320585120
1475183485022710495,316403376
1475183485122710495,347050416
1475183485222710495,357083088
1475183485322710495,308907504
1475183485422710495,312661760
1475183485522710495,338190160
1475183485622710495,366729600
1475183485722710495,377599152
1475183485822710495,335128752
1475183485922710495,408796400
1475183486022710495,356640176
1475183486122710495,292957968
1475183486222710495,424683184
1475183486322710495,330788944
1475183486422710495,363844912
1475183486522710495,415655936
1475183486622710495,363523520
1475183486722710495,347859120
1475183486822710495,322452032
1475183486922710495,414726528
1475183487022710495,358458368
1475183487122710495,334443600
1475183487222710495,303066256
1475183487322710495,311566352
1475183487422710495,347423760
1475183487522710495,280008896
1475183487622710495,275090672
1475183487722710495,312182224
1475183487822710495,373027568
1475183487922710495,471276480
1475183488022710495,371331024
1475183488122710495,325932816
1475183488222710495,375710352
1475183488422710495,292342192
1475183488322710495,421009872
1475183488522710495,309948304
1475183488622710495,350468960
1475183488722710495,387690384
1475183488922710495,317502656
1475183488822710495,458130656
1475183489022710495,260633232
1475183489122710495,403292800
1475183489322710495,468410352
1475183489222710495,568852192
1475183489422710495,388892496
1475183489522710495,471990256
1475183489622710495,436716432
1475183489822710495,335574752
1475183489722710495,481573872
1475183490022710495,267111248
1475183489922710495,367180640
1475183490122710495,334620576
1475183490222710495,320890720
1475183490322710495,360682016
1475183490422710495,286916464
1475183490522710495,287812416
1475183490722710495,285064704
1475183490622710495,387312528
1475183490822710495,299425328
1475183490922710495,316605664
1475183491022710495,328977360
1475183491122710495,281474368
1475183491222710495,302331760
1475183491322710495,296971824
1475183491522710495,353692464
1475183491422710495,454279584
1475183491622710495,323184416
1475183491722710495,362902576
1475183491822710495,269229616
1475183492022710495,333452720
1475183491922710495,436072672
1475183492222710495,268053280
1475183492122710495,391629664
1475183492322710495,279500176
1475183492422710495,294095968
1475183492522710495,320629296
1475183492622710495,311849184
1475183492722710495,308935968
1475183492822710495,323274224
1475183492922710495,262047376
1475183493022710495,331192064
1475183493122710495,283168608
1475183493222710495,334948416
1475183493322710495,302290752
1475183493422710495,357042624
1475183493522710495,362363536
1475183493622710495,377019152
1475183493722710495,317643616
1475183493822710495,270566640
1475183493922710495,257126000
1475183494022710495,370137200
1475183494122710495,284581216
1475183494222710495,285953664
1475183494322710495,265937104
1475183494422710495,265845120
1475183494522710495,381831024
1475183494622710495,337791120
1475183494722710495,464416272
1475183494822710495,446185536
1475183494922710495,491929824
1475183495022710495,393007248
1475183495122710495,342003232
1475183495222710495,330427120
1475183495322710495,297537088
1475183495422710495,339246528
1475183495522710495,264853792
1475183495622710495,398003232
1475183495822710495,298555984
1475183495922710495,306662832
1475183495722710495,584485312
1475183496022710495,373648624
1475183496122710495,341844544
1475183496222710495,358658576
1475183496322710495,340121760
1475183496422710495,279811712
1475183496622710495,293718528
1475183496522710495,395899120
1475183496722710495,392663344
1475183496822710495,308568160
1475183496922710495,383333056
1475183497022710495,392444016
1475183497122710495,338953696
1475183497222710495,335093616
1475183497322710495,280849328
1475183497422710495,289434944
1475183497522710495,366585488
1475183497622710495,267742000
1475183497722710495,274681664
1475183497822710495,302531472
1475183497922710495,294247296
1475183498022710495,304396160
1475183498122710495,295881920
1475183498222710495,324142496
1475183498322710495,319331360
1475183498422710495,298132688
1475183498522710495,349920544
1475183498622710495,283574448
1475183498722710495,283573824
1475183498822710495,309985088
1475183498922710495,298283296
1475183499022710495,372757296
1475183499122710495,331583584
1475183499222710495,357497888
1475183499322710495,322305072
1475183499422710495,307241952
1475183499522710495,313754944
1475183499622710495,270859952
1475183499722710495,283356144
1475183499822710495,280680496
1475183499922710495,284454656
1475183500022710495,414641888
1475183500122710495,345892688
1475183500222710495,265191872
1475183500322710495,288893104
1475183500422710495,292643632
1475183500522710495,264364464
1475183500622710495,254497216
1475183500722710495,268030256
1475183500822710495,290599648
1475183500922710495,285220848
1475183501022710495,261035520
1475183501122710495,288869296
1475183501222710495,315518672
1475183501322710495,401015936
1475183501422710495,315995840
1475183501522710495,334920160
1475183501622710495,334845520
1475183501722710495,267277408
1475183501822710495,306637040
1475183501922710495,595059552
1475183502022710495,495074704
1475183502222710495,407946064
1475183502122710495,531380256
1475183502322710495,334466208
1475183502422710495,274686032
1475183502522710495,359132144
1475183502622710495,293993200
1475183502722710495,266131136
1475183502822710495,293681200
1475183502922710495,288721168
1475183503022710495,302863088
1475183503122710495,277913328
1475183503222710495,329647536
1475183503322710495,479622848
1475183503422710495,432496080
1475183503622710495,274276080
1475183503522710495,433663600
1475183503722710495,335176352
1475183503822710495,374901568
1475183503922710495,321522832
1475183504022710495,286536992
1475183504122710495,306215408
1475183504222710495,264122112
1475183504322710495,330226288
1475183504422710495,439177856
1475183504522710495,470156672
1475183504722710495,327086096
1475183504622710495,442679552
1475183504822710495,278175616
1475183504922710495,320479024
1475183505022710495,256979856
1475183505122710495,302283008
1475183505222710495,260274624
1475183505322710495,311614624
1475183505422710495,277349056
1475183505522710495,426463728
1475183505622710495,380365472
1475183505722710495,288338976
1475183505822710495,282788128
1475183505922710495,322579408
1475183506022710495,288658176
1475183506122710495,266615648
1475183506222710495,288449376
1475183506322710495,484547312
1475183506422710495,415371344
1475183506522710495,395562496
1475183506722710495,262767584
1475183506622710495,405097248
1475183506822710495,295519024
1475183506922710495,323702960
1475183507022710495,323294224
1475183507122710495,301885552
1475183507222710495,448829472
1475183507422710495,261755024
1475183507322710495,411490368
1475183507522710495,378161792
1475183507622710495,366669456
1475183507722710495,336415696
1475183507822710495,313859600
1475183507922710495,343697168
1475183508022710495,323627952
1475183508122710495,389493040
1475183508322710495,323738224
1475183508422710495,345721376
1475183508222710495,549431264
1475183508522710495,326524896
1475183508622710495,285487328
1475183508722710495,311722832
1475183508922710495,303145552
1475183508822710495,430685648
1475183509022710495,341051808
1475183509122710495,279433472
1475183509222710495,376646928
1475183509322710495,342206176
1475183509522710495,316203088
1475183509422710495,428877552
1475183509622710495,287558128
1475183509722710495,347080560
1475183509822710495,333222592
1475183509922710495,328249824
1475183510022710495,438536096
1475183510222710495,334697184
1475183510122710495,459929120
1475183510322710495,402630544
1475183510422710495,307179488
1475183510722710495,310329840
1475183510522710495,536014560
1475183510622710495,473461616
1475183510822710495,298313488
1475183510922710495,312888304
1475183511122710495,301683088
1475183511022710495,428967872
1475183511222710495,374117168
1475183511322710495,398069152
1475183511422710495,372337200
1475183511522710495,472342528
1475183511622710495,380990672
1475183511722710495,482652544
1475183511822710495,394549072
1475183511922710495,295453584
1475183512022710495,403139472
1475183512122710495,352042176
1475183512222710495,381323328
1475183512322710495,325159776
1475183512422710495,458795152
1475183512622710495,351793840
1475183512522710495,457928304
1475183512722710495,356076688
1475183512822710495,337489200
1475183512922710495,325717952
1475183513022710495,335738768
1475183513122710495,311424256
1475183513222710495,329125824
1475183513322710495,384111600
1475183513422710495,310729760
1475183513522710495,386657632
1475183513622710495,303645392
1475183513722710495,262766304
1475183513922710495,314503760
1475183513822710495,419738032
1475183514022710495,310965712
1475183514122710495,312870672
1475183514222710495,428031584
1475183514422710495,313729664
1475183514322710495,420020384
1475183514522710495,367812656
1475183514622710495,412552032
1475183514722710495,372345456
1475183514922710495,299431280
1475183514822710495,422725024
1475183515022710495,356937728
1475183515122710495,296228448
1475183515222710495,262067584
1475183515322710495,317720480
1475183515422710495,415273264
1475183515522710495,349753872
1475183515622710495,333896848
1475183515722710495,268211760
1475183515822710495,274559968
1475183515922710495,246458176
1475183516022710495,287511024
1475183516222710495,377539184
1475183516122710495,477827984
1475183516322710495,347985280
1475183516422710495,315665568
1475183516522710495,332105680
1475183516622710495,304681920
1475183516722710495,468831248
1475183516822710495,425320960
1475183516922710495,401985264
1475183517122710495,262200592
1475183517022710495,376017344
1475183517222710495,290066368
1475183517322710495,328578864
1475183517422710495,349353792
1475183517522710495,273547792
1475183517622710495,369073904
1475183517722710495,376008112
1475183517922710495,315560992
1475183517822710495,424266912
1475183518022710495,315296560
1475183518122710495,336403904
1475183518222710495,322209072
1475183518322710495,322777392
1475183518422710495,388680752
1475183518622710495,283946416
1475183518522710495,389630912
1475183518722710495,334536432
1475183518822710495,351824704
1475183519022710495,332657520
1475183518922710495,471247504
1475183519122710495,335950480
1475183519222710495,410785552
1475183519322710495,403361120
1475183519422710495,309862128
1475183519522710495,284634432
1475183519622710495,276833984
1475183519722710495,315675728
1475183519822710495,327183552
1475183519922710495,257564576
1475183520122710495,272483840
1475183520022710495,377456032
1475183520222710495,440376832
1475183520322710495,462014672
1475183520522710495,377113968
1475183520422710495,478899056
1475183520622710495,380475616
1475183520822710495,368218064
1475183520722710495,481100688
1475183520922710495,444031952
1475183521022710495,455358368
1475183521122710495,376098288
1475183521222710495,338123984
1475183521322710495,412350288
1475183521422710495,371666512
1475183521522710495,327508448
1475183521622710495,279859984
1475183521722710495,302246656
1475183521822710495,327415840
1475183521922710495,315313440
1475183522022710495,262821120
1475183522122710495,306513216
1475183522222710495,374349952
1475183522322710495,430054976
1475183522422710495,396342032
1475183522522710495,314718528
1475183522622710495,308919456
1475183522722710495,336603776
1475183522922710495,320346832
1475183523022710495,265801632
1475183522822710495,472143696
1475183523122710495,261619520
1475183523222710495,375065872
1475183523322710495,400243712
1475183523422710495,322815760
1475183523522710495,300113648
1475183523722710495,267191808
1475183523822710495,281395616
1475183523922710495,269455088
1475183523622710495,586654704
1475183524022710495,262989856
1475183524122710495,326318624
1475183524222710495,406762992
1475183524322710495,402500800
1475183524422710495,412576624
1475183524522710495,350289376
1475183524622710495,281892144
1475183524722710495,253643728
1475183524822710495,260098048
1475183524922710495,333913648
1475183525022710495,280249520
1475183525122710495,358916576
1475183525222710495,354705248
1475183525322710495,325273952
1475183525522710495,404416512
1475183525622710495,338815024
1475183525422710495,573969312
1475183525722710495,382792544
1475183525822710495,323175296
1475183525922710495,422411376
1475183526022710495,523477536
1475183526122710495,423787472
1475183526222710495,397886720
1475183526322710495,385639104
1475183526522710495,285452160
1475183526422710495,410388880
1475183526622710495,318544112
1475183526722710495,288113968
1475183526822710495,345741600
1475183526922710495,272730896
1475183527022710495,286009088
1475183527122710495,389835088
1475183527222710495,300692192
1475183527322710495,376464048
1475183527422710495,320374336
1475183527522710495,402359072
1475183527622710495,381516928
1475183527722710495,392811072
1475183527822710495,406391616
1475183527922710495,366939952
1475183528022710495,278674736
1475183528222710495,417197088
1475183528322710495,358182768
1475183528122710495,588386240
1475183528422710495,329289984
1475183528522710495,286786448
1475183528622710495,300421264
1475183528722710495,295949408
1475183528822710495,316723632
1475183528922710495,259491392
1475183529022710495,287304240
1475183529122710495,348659344
1475183529222710495,401265776
1475183529322710495,320845568
1475183529422710495,302510336
1475183529522710495,323456624
1475183529622710495,308463664
1475183529722710495,309050672
1475183529822710495,248192736
1475183529922710495,266651088
1475183530022710495,284483072
1475183530122710495,325219872
1475183530222710495,332653088
1475183530322710495,328600576
1475183530422710495,331235520
1475183530522710495,313342384
1475183530622710495,303898608
1475183530722710495,327582032
1475183530822710495,302743136
1475183530922710495,300454000
1475183531022710495,304819712
1475183531122710495,334760016
1475183531222710495,377904048
1475183531322710495,369441600
1475183531422710495,302316736
1475183531522710495,325884672
1475183531622710495,320636416
1475183531722710495,539708848
1475183531822710495,597454144
1475183532022710495,438803296
1475183531922710495,586842304
1475183532222710495,324189232
1475183532122710495,427287072
1475183532322710495,298586208
1475183532422710495,347147632
1475183532522710495,294017808
1475183532622710495,290023808
1475183532722710495,299075808
1475183532822710495,252636464
1475183532922710495,313078416
1475183533022710495,382371040
1475183533122710495,320450992
1475183533222710495,394306880
1475183533322710495,323325776
1475183533422710495,354056848
1475183533522710495,313265520
1475183533722710495,315921584
1475183533622710495,433819264
1475183533922710495,293146592
1475183533822710495,417010528
1475183534022710495,454140352
1475183534122710495,359618384
1475183534222710495,290696512
1475183534322710495,380540448
1475183534422710495,358752992
1475183534522710495,309344064
1475183534622710495,267671392
1475183534722710495,292864144
1475183534822710495,262073680
1475183534922710495,336802976
1475183535122710495,277086368
1475183535022710495,387422480
1475183535222710495,284126400
1475183535322710495,294460608
1475183535422710495,414601344
1475183535522710495,411543440
1475183535622710495,399944832
1475183535722710495,332499328
1475183535822710495,386655072
1475183535922710495,318201760
1475183536022710495,299041728
1475183536122710495,307269344
1475183536222710495,329175424
1475183536322710495,279924336
1475183536422710495,393729824
1475183536522710495,355183712
1475183536622710495,357317392
1475183536722710495,264385040
1475183536822710495,295311776
1475183536922710495,288613136
1475183537022710495,296697792
1475183537122710495,267741744
1475183537322710495,413849504
1475183537422710495,354754128
1475183537222710495,575774752
1475183537522710495,332350880
1475183537622710495,416383776
1475183537722710495,333944528
1475183537822710495,501191440
1475183537922710495,432332176
1475183538022710495,340682720
1475183538122710495,332615792
1475183538222710495,304222416
1475183538322710495,311525488
1475183538422710495,321956432
1475183538522710495,318571824
1475183538622710495,291740672
1475183538722710495,320153552
1475183538822710495,378798288
1475183538922710495,334208208
1475183539022710495,305559440
1475183539122710495,374754400
1475183539222710495,318670592
1475183539322710495,298589680
1475183539422710495,285870608
1475183539522710495,300707632
1475183539622710495,361089600
1475183539722710495,377496864
1475183539822710495,332936832
1475183539922710495,311159872
1475183540022710495,300522656
1475183540122710495,333522048
1475183540222710495,260837120
1475183540322710495,475997600
1475183540422710495,463381504
1475183540522710495,424398656
1475183540622710495,344689792
1475183540722710495,281413136
1475183540822710495,267937664
1475183540922710495,325349296
1475183541022710495,539116000
1475183541122710495,450114128
1475183541222710495,410659824
1475183541322710495,434986992
1475183541422710495,350538736
1475183541522710495,286856032
1475183541622710495,264017872
1475183541822710495,318405808
1475183541922710495,291836960
1475183541722710495,499504560
1475183542022710495,260647296
1475183542122710495,277999024
1475183542222710495,287731168
1475183542322710495,331017504
1475183542422710495,263702048
1475183542622710495,282627296
1475183542722710495,317518256
1475183542522710495,599378224
1475183542822710495,414630896
1475183542922710495,328968224
1475183543022710495,413081552
1475183543122710495,345151888
1475183543222710495,330225824
1475183543322710495,353711536
1475183543422710495,289206704
1475183543522710495,323225184
1475183543622710495,304483104
1475183543722710495,299973264
1475183543822710495,277797648
1475183543922710495,287160096
1475183544022710495,324946656
1475183544122710495,283591536
1475183544322710495,247383136
1475183544222710495,349188128
1475183544422710495,318007344
1475183544522710495,406872064
1475183544622710495,339595904
1475183544722710495,309412352
1475183544822710495,354519248
1475183544922710495,279427376
1475183545022710495,376764032
1475183545122710495,305764976
1475183545222710495,269508544
1475183545322710495,294732704
1475183545422710495,327277120
1475183545522710495,375761040
1475183545622710495,319050224
1475183545722710495,267515232
1475183545822710495,381616064
1475183545922710495,311708160
1475183546022710495,299382944
1475183546222710495,265105088
1475183546122710495,437956160
1475183546322710495,290200656
1475183546422710495,258569568
1475183546522710495,341354592
1475183546622710495,377452448
1475183546822710495,364499776
1475183546722710495,497202768
1475183546922710495,302399440
1475183547022710495,282196928
1475183547122710495,326106544
1475183547222710495,314865248
1475183547322710495,295799696
1475183547422710495,347127856
1475183547622710495,285700848
1475183547722710495,328543472
1475183547822710495,274419680
1475183547522710495,576187104
1475183547922710495,282735136
1475183548022710495,321881776
1475183548122710495,268337648
1475183548222710495,297558768
1475183548322710495,321860720
1475183548422710495,298372912
1475183548522710495,356615920
1475183548622710495,332374992
1475183548722710495,296999376
1475183548822710495,368160256
1475183548922710495,294014512
1475183549022710495,298579312
1475183549122710495,278488112
1475183549222710495,269473440
1475183549322710495,295686960
1475183549422710495,452547664
1475183549522710495,369481392
1475183549622710495,315830672
1475183549722710495,285744224
1475183549822710495,312818768
1475183549922710495,259870672
1475183550022710495,348534112
1475183550122710495,294323712
1475183550222710495,324148800
1475183550322710495,344430464
1475183550422710495,420843824
1475183550522710495,454124256
1475183550622710495,405548816
1475183550722710495,331603216
1475183550822710495,310165728
1475183550922710495,307436928
1475183551022710495,351125088
1475183551122710495,264850736
1475183551222710495,289605232
1475183551422710495,268398736
1475183551322710495,471887520
1475183551522710495,366691280
1475183551622710495,268653568
1475183551722710495,278571072
1475183551822710495,244704768
1475183551922710495,278501952
1475183552022710495,280375440
1475183552122710495,303063696
1475183552222710495,386529376
1475183552322710495,344510848
1475183552422710495,290755520
1475183552522710495,265426528
1475183552622710495,304694368
1475183552722710495,332880416
1475183552922710495,253553088
1475183552822710495,402855088
1475183553022710495,306144624
1475183553122710495,318407088
1475183553222710495,313767040
1475183553322710495,356245744
1475183553422710495,278725824
1475183553522710495,264831136
1475183553622710495,275423680
1475183553722710495,275677680
1475183553822710495,275718256
1475183553922710495,262653664
1475183554022710495,257445792
1475183554122710495,335789664
1475183554222710495,348570992
1475183554322710495,395797040
1475183554422710495,381137632
1475183554522710495,357794672
1475183554622710495,307274880
1475183554722710495,281694064
1475183554822710495,357533872
1475183554922710495,306835104
1475183555022710495,355475376
1475183555122710495,311152144
1475183555222710495,338384032
1475183555322710495,272640752
1475183555422710495,295838448
1475183555522710495,314749344
1475183555722710495,288524240
1475183555622710495,394387840
1475183555922710495,393775504
1475183555822710495,560137824
1475183556222710495,297683776
1475183556022710495,506287968
1475183556122710495,428473872
1475183556322710495,313869008
1475183556422710495,322918736
1475183556522710495,319813600
1475183556622710495,335483664
1475183556722710495,305395472
1475183556822710495,286529072
1475183556922710495,358243376
1475183557022710495,395985904
1475183557122710495,310715920
1475183557222710495,252896832
1475183557322710495,286870736
1475183557422710495,294678448
1475183557522710495,306546752
1475183557622710495,299987600
1475183557722710495,365703312
1475183557822710495,272806592
1475183557922710495,317753952
1475183558022710495,293423840
1475183558122710495,266065024
1475183558322710495,338956304
1475183558222710495,644835488
1475183558422710495,492485696
1475183558522710495,525496320
1475183558722710495,440690480
1475183558822710495,353725568
1475183558622710495,555255760
1475183558922710495,304216496
1475183559122710495,258038304
1475183559022710495,507521472
1475183559322710495,658282832
1475183559222710495,766782096
1475183559522710495,591802096
1475183559722710495,417533456
1475183559422710495,724499360
1475183559622710495,542355152
1475183559922710495,262303392
1475183559822710495,402789504
1475183560022710495,312723984
1475183560122710495,304524224
1475183560222710495,322814080
1475183560422710495,378864992
1475183560322710495,479032592
1475183560522710495,356150832
1475183560622710495,353926080
1475183560722710495,345872960
1475183560822710495,362779264
1475183560922710495,297845312
1475183561022710495,277219056
1475183561122710495,378281472
1475183561222710495,329640496
1475183561322710495,333156160
1475183561422710495,304361968
1475183561522710495,373517280
1475183561622710495,323336816
1475183561722710495,304156656
1475183561822710495,328227536
1475183561922710495,327833168
1475183562022710495,340890192
1475183562122710495,324570304
1475183562222710495,258821904
1475183562322710495,334662528
1475183562422710495,282156224
1475183562522710495,370168912
1475183562622710495,361740096
1475183562822710495,305405120
1475183562722710495,408270320
1475183562922710495,419404800
1475183563022710495,364563872
1475183563122710495,360560480
1475183563222710495,444052048
1475183563322710495,426951280
1475183563422710495,375225760
1475183563522710495,334035200
1475183563622710495,319779664
1475183563722710495,297928768
1475183563822710495,314119744
1475183563922710495,372458832
1475183564022710495,420579936
1475183564122710495,393437488
1475183564222710495,343197248
1475183564322710495,281766256
1475183564422710495,337082160
1475183564522710495,310232960
1475183564622710495,348710304
1475183564722710495,264476544
1475183564822710495,363363680
1475183564922710495,381866384
1475183565022710495,401583984
1475183565222710495,310239808
1475183565122710495,424248032
1475183565522710495,345507200
1475183565322710495,551926080
1475183565422710495,453110880
1475183565622710495,295488800
1475183565922710495,297266032
1475183565722710495,515164144
1475183565822710495,422496976
1475183566022710495,390327984
1475183566122710495,333659584
1475183566222710495,285635120
1475183566322710495,347163600
1475183566422710495,344912704
1475183566522710495,370652000
1475183566622710495,323600944
1475183566722710495,357587360
1475183566822710495,323494832
1475183566922710495,296124544
1475183567122710495,346504448
1475183567022710495,448214064
1475183567222710495,291612672
1475183567322710495,355131904
1475183567422710495,364311056
1475183567522710495,277023488
1475183567622710495,294177360
1475183567722710495,316944608
1475183567822710495,348201776
1475183567922710495,277046880
1475183568122710495,292618720
1475183568022710495,392836192
1475183568222710495,408088464
1475183568322710495,338439312
1475183568522710495,490032416
1475183568422710495,592795744
1475183568622710495,398876832
1475183568722710495,375388464
1475183568822710495,337201392
1475183568922710495,299418976
1475183569022710495,391486064
1475183569122710495,552833808
1475183569222710495,499368752
1475183569322710495,484634016
1475183569422710495,399066224
1475183569622710495,328024400
1475183569522710495,575534288
1475183569722710495,430792224
1475183569822710495,381102368
1475183569922710495,367520352
1475183570022710495,534096688
1475183570222710495,446110992
1475183570122710495,546563008
1475183570422710495,382264832
1475183570322710495,518175808
1475183570522710495,351410320
1475183570622710495,364218288
1475183570722710495,331478320
1475183570822710495,325709184
1475183570922710495,325817360
1475183571022710495,320317216
1475183571222710495,363805056
1475183571422710495,326658080
1475183571122710495,627735952
1475183571322710495,468370800
1475183571522710495,472334976
1475183571622710495,376505792
1475183571722710495,299736944
1475183571822710495,343854480
1475183571922710495,347512528
1475183572022710495,282866832
1475183572122710495,296767296
1475183572222710495,362424720
1475183572322710495,359289552
1475183572422710495,364768384
1475183572522710495,415784000
1475183572622710495,345020128
1475183572722710495,286453264
1475183572822710495,294428528
1475183572922710495,258178480
1475183573022710495,399577152
1475183573122710495,350240176
1475183573222710495,393142224
1475183573322710495,311808208
1475183573422710495,301760576
1475183573522710495,273851136
1475183573622710495,301584800
1475183573722710495,264631712
1475183573822710495,251018640
1475183573922710495,332700656
1475183574022710495,358900528
1475183574122710495,281250944
1475183574222710495,323399616
1475183574322710495,290595264
1475183574422710495,264260256
1475183574522710495,264352512
1475183574622710495,440597952
1475183574822710495,340493888
1475183574722710495,458636496
1475183574922710495,429457216
1475183575022710495,384451168
1475183575122710495,292323088
1475183575222710495,351012736
1475183575322710495,479494064
1475183575422710495,403606224
1475183575522710495,367309424
1475183575622710495,385729664
1475183575722710495,488344288
1475183575822710495,403961680
1475183576022710495,332512528
1475183575922710495,434875136
1475183576122710495,277223104
1475183576222710495,293993952
1475183576322710495,260255296
1475183576422710495,259906960
1475183576522710495,479810352
1475183576622710495,453917872
1475183576722710495,374717808
1475183576922710495,339044432
1475183576822710495,540353440
1475183577122710495,391653376
1475183577022710495,586492880
1475183577222710495,474296416
1475183577322710495,421840464
1475183577522710495,319721152
1475183577622710495,267701696
1475183577422710495,475682928
1475183577722710495,338315856
1475183577822710495,265614368
1475183577922710495,329288736
1475183578022710495,390920400
1475183578122710495,380334592
1475183578222710495,319846640
1475183578322710495,355500144
1475183578422710495,361506400
1475183578522710495,281492672
1475183578622710495,264967504
1475183578722710495,316109136
1475183578822710495,338293536
1475183578922710495,395328064
1475183579122710495,446921008
1475183579222710495,348452016
1475183579022710495,579310048
1475183579322710495,333026704
1475183579422710495,300387808
1475183579522710495,349010656
1475183579622710495,321187712
1475183579722710495,292732720
1475183579822710495,293138928
1475183579922710495,321300736
1475183580022710495,295831504
1475183580122710495,244738928
1475183580222710495,298892080
1475183580322710495,279007776
1475183580422710495,397240416
1475183580522710495,421477936
1475183580622710495,367582064
1475183580722710495,402675072
1475183580822710495,308245408
1475183580922710495,284447008
1475183581022710495,339066016
1475183581122710495,304748512
1475183581222710495,289707424
1475183581322710495,331424656
1475183581422710495,275849408
1475183581522710495,279179584
1475183581622710495,291544000
1475183581722710495,364245024
1475183581922710495,255661856
1475183581822710495,396759168
1475183582022710495,316370800
1475183582122710495,305514256
1475183582222710495,283613472
1475183582322710495,296699760
1475183582422710495,317657888
1475183582522710495,328352080
1475183582622710495,375503664
1475183582722710495,307205680
1475183582922710495,258303120
1475183582822710495,373735888
1475183583022710495,298728016
1475183583122710495,356567360
1475183583222710495,306956368
1475183583322710495,436529408
1475183583422710495,378954464
1475183583522710495,280428816
1475183583622710495,397895856
1475183583722710495,412863376
1475183583922710495,255916320
1475183583822710495,436666064
1475183584022710495,366223568
1475183584122710495,396773632
1475183584222710495,330675568
1475183584322710495,438684832
1475183584422710495,428608464
1475183584622710495,460053856
1475183584522710495,560346048
1475183584722710495,400882832
1475183584922710495,320864208
1475183584822710495,446263616
1475183585022710495,292452768
1475183585122710495,288393648
1475183585222710495,276389872
1475183585322710495,341157856
1475183585422710495,379159728
1475183585522710495,367901856
1475183585622710495,286336704
1475183585822710495,314706624
1475183585722710495,448555904
1475183585922710495,253382864
1475183586022710495,361451968
1475183586122710495,322025760
1475183586222710495,322005392
1475183586322710495,285672368
1475183586422710495,356750736
1475183586522710495,289902288
1475183586622710495,329845408
1475183586722710495,308130016
1475183586822710495,271359008
1475183586922710495,470312064
1475183587022710495,371628256
1475183587222710495,293864832
1475183587122710495,415803872
1475183587322710495,288454480
1475183587422710495,317190912
1475183587522710495,261646400
1475183587622710495,317172192
1475183587722710495,264813808
1475183587922710495,295979216
1475183587822710495,406560608
1475183588022710495,311806352
1475183588122710495,338478384
1475183588222710495,291507936
1475183588322710495,264116608
1475183588422710495,299965728
1475183588522710495,307281808
1475183588622710495,263376464
1475183588722710495,260081824
1475183588822710495,282288144
1475183588922710495,316824896
1475183589022710495,241089504
1475183589122710495,263698496
1475183589322710495,265575168
1475183589222710495,379475104
1475183589422710495,307560528
1475183589522710495,266623616
1475183589622710495,343985392
1475183589722710495,426879872
1475183589822710495,342810176
1475183589922710495,366772128
1475183590022710495,289843440
1475183590122710495,313977936
1475183590222710495,311770656
1475183590322710495,285883504
1475183590422710495,290770816
1475183590522710495,341565008
1475183590622710495,327921616
1475183590722710495,322225824
1475183590822710495,337290048
1475183590922710495,310860816
1475183591022710495,336479424
1475183591122710495,349395120
1475183591222710495,347327824
1475183591322710495,286499328
1475183591422710495,347004832
1475183591522710495,329216208
1475183591622710495,464918192
1475183591722710495,374211952
1475183591822710495,336530096
1475183592022710495,248914688
1475183591922710495,372163184
1475183592122710495,281542880
1475183592222710495,312529776
1475183592322710495,377556416
1475183592422710495,339945792
1475183592522710495,307726480
1475183592622710495,350035712
1475183592722710495,369589488
1475183592922710495,582252848
1475183592822710495,715498304
1475183593122710495,427711184
1475183593222710495,342629296
1475183593322710495,270772576
1475183593022710495,587484816
1475183593422710495,349625360
1475183593522710495,329444688
1475183593622710495,301009904
1475183593722710495,266911568
1475183593822710495,362256896
1475183593922710495,290748864
1475183594022710495,333538704
1475183594122710495,412439920
1475183594222710495,372109408
1475183594322710495,297621344
1475183594422710495,296665744
1475183594522710495,374542304
1475183594622710495,374542416
1475183594722710495,318290944
1475183594822710495,346580576
1475183594922710495,346244176
1475183595022710495,387140752
1475183595122710495,287253440
1475183595222710495,269514000
1475183595322710495,408007072
1475183595422710495,393489648
1475183595522710495,298720288
1475183595622710495,365247824
1475183595722710495,328337872
1475183595822710495,339643328
1475183596022710495,272348592
1475183595922710495,373174480
1475183596122710495,285340640
1475183596222710495,388349088
1475183596322710495,375185376
1475183596422710495,407791168
1475183596522710495,340213648
1475183596622710495,388203392
1475183596722710495,315888688
1475183596822710495,320416944
1475183596922710495,263416448
1475183597022710495,328885248
1475183597122710495,265813008
1475183597222710495,328870224
1475183597422710495,332754032
1475183597322710495,468661920
1475183597522710495,355986016
1475183597622710495,311222928
1475183597822710495,294049552
1475183597722710495,418336208
1475183597922710495,252707808
1475183598022710495,322486336
1475183598122710495,337218448
1475183598222710495,318919024
1475183598322710495,370793568
1475183598422710495,290296512
1475183598522710495,291872016
1475183598622710495,289373280
1475183598722710495,447186928
1475183598822710495,401960832
1475183598922710495,365737104
1475183599122710495,306943312
1475183599022710495,550251792
1475183599222710495,419313632
1475183599322710495,456679824
1475183599522710495,310874672
1475183599422710495,532057504
1475183599622710495,422924480
1475183599722710495,445334464
1475183599822710495,438286848
1475183599922710495,549993840
1475183600022710495,495796800
1475183600222710495,386398128
1475183600122710495,490455456
1475183600322710495,312691632
1475183600422710495,341006272
1475183600522710495,343813568
1475183600722710495,290770320
1475183600622710495,394910352
1475183600822710495,288819008
1475183601022710495,371450448
1475183601122710495,286156688
1475183600922710495,597644080
1475183601322710495,303834608
1475183601222710495,467424896
1475183601422710495,358111312
1475183601522710495,435701184
1475183601622710495,336789744
1475183601722710495,296138976
1475183601822710495,319218640
1475183601922710495,280815600
1475183602022710495,342682112
1475183602122710495,369091920
1475183602222710495,331588640
1475183602422710495,358055744
1475183602322710495,467126368
1475183602522710495,401938672
1475183602622710495,480724192
1475183602722710495,479480800
1475183602822710495,438643584
1475183603022710495,270628512
1475183602922710495,423353056
1475183603122710495,272026704
1475183603222710495,338608416
1475183603422710495,372507616
1475183603522710495,395498208
1475183603322710495,647590704
1475183603722710495,330344512
1475183603622710495,430647344
1475183603822710495,266544080
1475183603922710495,307060912
1475183604022710495,330036432
1475183604122710495,295799136
1475183604222710495,317064752
1475183604322710495,313310064
1475183604422710495,309996624
1475183604522710495,322729744
1475183604622710495,296453824
1475183604722710495,307365024
1475183604822710495,298782224
1475183604922710495,431110704
1475183605022710495,398387104
1475183605122710495,410433216
1475183605222710495,358515088
1475183605322710495,362170784
1475183605422710495,304467104
1475183605522710495,255441888
1475183605622710495,284148912
1475183605722710495,280171776
1475183605822710495,267265664
1475183605922710495,443666528
1475183606022710495,478565024
1475183606122710495,408992384
1475183606222710495,352555728
