Elapsed_Time,Microsoft_Ramp_Up_Latencies
2016-10-04 17:54:54.667467343Z,1072.114272
2016-10-04 17:54:54.867467343Z,895.919328
2016-10-04 17:54:54.467467343Z,1299.114048
2016-10-04 17:54:55.067467343Z,708.749344
2016-10-04 17:54:54.967467343Z,815.237424
2016-10-04 17:54:54.167469343Z,1647.859264
2016-10-04 17:54:54.567467343Z,1249.206224
2016-10-04 17:54:54.767467343Z,1120.840256
2016-10-04 17:54:54.267467343Z,1672.129888
2016-10-04 17:54:54.367467343Z,1802.002624
2016-10-04 17:54:56.215275791Z,543.004656
2016-10-04 17:54:56.255275791Z,596.419888
2016-10-04 17:54:56.195275791Z,660.019792
2016-10-04 17:54:56.275275791Z,580.59672
2016-10-04 17:54:56.175277951Z,714.925808
2016-10-04 17:54:56.315275791Z,578.371808
2016-10-04 17:54:56.395275791Z,524.099024
2016-10-04 17:54:56.355275791Z,566.036544
2016-10-04 17:54:56.295275791Z,628.99872
2016-10-04 17:54:56.375935135Z,558.393824
2016-10-04 17:54:56.495275791Z,561.739632
2016-10-04 17:54:56.435275791Z,626.294784
2016-10-04 17:54:56.415275791Z,671.940672
2016-10-04 17:54:56.535275791Z,560.088624
2016-10-04 17:54:56.455275791Z,655.664736
2016-10-04 17:54:56.475275791Z,645.692496
2016-10-04 17:54:56.555275791Z,583.885088
2016-10-04 17:54:56.515275791Z,625.945504
2016-10-04 17:54:56.595275791Z,547.88736
2016-10-04 17:54:56.575275791Z,579.851584
2016-10-04 17:54:56.655275791Z,530.107808
2016-10-04 17:54:56.615275791Z,583.394752
2016-10-04 17:54:56.635275791Z,628.1512
2016-10-04 17:54:56.795275791Z,506.5212
2016-10-04 17:54:56.675275791Z,628.348816
2016-10-04 17:54:56.755275791Z,561.988912
2016-10-04 17:54:56.695275791Z,664.147952
2016-10-04 17:54:56.715275791Z,669.851648
2016-10-04 17:54:56.775275791Z,612.669984
2016-10-04 17:54:56.955275791Z,445.029824
2016-10-04 17:54:56.835275791Z,568.552784
2016-10-04 17:54:56.735275791Z,680.781856
2016-10-04 17:54:56.815275791Z,630.654544
2016-10-04 17:54:56.895275791Z,576.51656
2016-10-04 17:54:56.935275791Z,543.004208
2016-10-04 17:54:56.875275791Z,628.931136
2016-10-04 17:54:56.915275791Z,589.12688
2016-10-04 17:54:56.995275791Z,510.813072
2016-10-04 17:54:57.015275791Z,501.594368
2016-10-04 17:54:56.975275791Z,541.881888
2016-10-04 17:54:56.855275791Z,670.760768
2016-10-04 17:54:57.035275791Z,496.83536
2016-10-04 17:54:57.115275791Z,427.357136
2016-10-04 17:54:57.055275791Z,523.835168
2016-10-04 17:54:57.095275791Z,491.761808
2016-10-04 17:54:57.155275791Z,443.80896
2016-10-04 17:54:57.075275791Z,550.874944
2016-10-04 17:54:57.275275791Z,428.253184
2016-10-04 17:54:57.355275791Z,443.661568
2016-10-04 17:54:57.255275791Z,543.928288
2016-10-04 17:54:57.315275791Z,485.804144
2016-10-04 17:54:57.215275791Z,592.571936
2016-10-04 17:54:57.135275791Z,678.099616
2016-10-04 17:54:57.195275791Z,628.543488
2016-10-04 17:54:57.295275791Z,533.141776
2016-10-04 17:54:57.235275791Z,594.2432
2016-10-04 17:54:57.335275791Z,545.150736
2016-10-04 17:54:57.175275791Z,757.98872
2016-10-04 17:54:57.435275791Z,501.354032
2016-10-04 17:54:57.455275791Z,493.06584
2016-10-04 17:54:57.515275791Z,438.41624
2016-10-04 17:54:57.535275791Z,418.555136
2016-10-04 17:54:56.335275791Z,1621.122896
2016-10-04 17:54:57.415275791Z,562.5084
2016-10-04 17:54:57.395275791Z,584.943696
2016-10-04 17:54:57.475275791Z,508.705664
2016-10-04 17:54:56.235275791Z,1752.100544
2016-10-04 17:54:57.495275791Z,497.193104
2016-10-04 17:54:57.375275791Z,628.86048
2016-10-04 17:54:57.615275791Z,442.868048
2016-10-04 17:54:57.555275791Z,527.76768
2016-10-04 17:54:57.575275791Z,510.08536
2016-10-04 17:54:57.595275791Z,525.108176
2016-10-04 17:54:57.695275791Z,495.079472
2016-10-04 17:54:57.635275791Z,574.747872
2016-10-04 17:54:57.715275791Z,542.543728
2016-10-04 17:54:57.795275791Z,463.307296
2016-10-04 17:54:57.755275791Z,513.372144
2016-10-04 17:54:57.655275791Z,616.073344
2016-10-04 17:54:57.735275791Z,536.642848
2016-10-04 17:54:57.815275791Z,459.0304
2016-10-04 17:54:57.675275791Z,617.669552
2016-10-04 17:54:57.775275791Z,559.763536
2016-10-04 17:54:57.855275791Z,606.810704
2016-10-04 17:54:57.835275791Z,651.340464
2016-10-04 17:54:57.915275791Z,575.986384
2016-10-04 17:54:57.955275791Z,540.993744
2016-10-04 17:54:57.875275791Z,643.43384
2016-10-04 17:54:57.895275791Z,637.002944
2016-10-04 17:54:57.995275791Z,608.562848
2016-10-04 17:54:58.075275791Z,545.703408
2016-10-04 17:54:58.055275791Z,572.65944
2016-10-04 17:54:58.015275791Z,619.21728
2016-10-04 17:54:58.035275791Z,611.162112
2016-10-04 17:54:57.935275791Z,717.24568
2016-10-04 17:54:58.095275791Z,566.201984
2016-10-04 17:54:57.975275791Z,687.801104
2016-10-04 17:54:58.115275791Z,553.603568
2016-10-04 17:54:58.155275791Z,579.312144
2016-10-04 17:54:58.135275791Z,652.004832
2016-10-04 17:54:58.793389759Z,718.220528
2016-10-04 17:54:58.853386543Z,658.79448
2016-10-04 17:54:58.833386543Z,679.02616
2016-10-04 17:54:58.813386543Z,699.228576
2016-10-04 17:54:58.843386543Z,678.94448
2016-10-04 17:54:58.803386543Z,751.44744
2016-10-04 17:54:58.863386543Z,698.678576
2016-10-04 17:54:58.823386543Z,788.139536
2016-10-04 17:54:58.873386543Z,787.198512
2016-10-04 17:54:58.898243263Z,790.52824
2016-10-04 17:54:58.903386543Z,785.501024
2016-10-04 17:54:58.923386543Z,765.898704
2016-10-04 17:54:58.883386543Z,826.822912
2016-10-04 17:54:58.973386543Z,754.068656
2016-10-04 17:54:59.093386543Z,640.760512
2016-10-04 17:54:58.913386543Z,831.678752
2016-10-04 17:54:58.953386543Z,803.062256
2016-10-04 17:54:58.933386543Z,846.255024
2016-10-04 17:54:59.033386543Z,746.694416
2016-10-04 17:54:59.063386543Z,812.599584
2016-10-04 17:54:59.043386543Z,841.82832
2016-10-04 17:54:59.003386543Z,882.080928
2016-10-04 17:54:58.943386543Z,957.038336
2016-10-04 17:54:59.223386543Z,678.01824
2016-10-04 17:54:58.963386543Z,943.418144
2016-10-04 17:54:59.153386543Z,753.813616
2016-10-04 17:54:58.993386543Z,913.947024
2016-10-04 17:54:59.163386543Z,755.994176
2016-10-04 17:54:59.103386543Z,819.047968
2016-10-04 17:54:59.183386543Z,744.659312
2016-10-04 17:54:59.113386543Z,825.291824
2016-10-04 17:54:59.013386543Z,971.402224
2016-10-04 17:54:59.053386543Z,954.354752
2016-10-04 17:54:59.283386543Z,786.617712
2016-10-04 17:54:59.273386543Z,880.260448
2016-10-04 17:54:59.353386543Z,802.999056
2016-10-04 17:54:59.493386543Z,674.710864
2016-10-04 17:54:59.073386543Z,1126.154544
2016-10-04 17:54:59.263386543Z,942.559008
2016-10-04 17:54:59.243386543Z,967.948096
2016-10-04 17:54:59.173386543Z,1051.012768
2016-10-04 17:54:59.473386543Z,751.301968
2016-10-04 17:54:59.403386543Z,828.919232
2016-10-04 17:54:59.023386543Z,1214.313664
2016-10-04 17:54:59.313386543Z,929.392848
2016-10-04 17:54:59.133386543Z,1133.191104
2016-10-04 17:54:59.513386543Z,758.39744
2016-10-04 17:54:59.233386543Z,1045.248368
2016-10-04 17:54:59.443386543Z,837.348224
2016-10-04 17:54:59.413386543Z,867.361168
2016-10-04 17:54:59.423386543Z,857.830544
2016-10-04 17:54:59.293386543Z,988.09696
2016-10-04 17:54:59.123386543Z,1164.088384
2016-10-04 17:54:59.593386543Z,729.740688
2016-10-04 17:54:59.323386543Z,1003.792448
2016-10-04 17:54:59.343386543Z,1085.824912
2016-10-04 17:54:59.363386543Z,1071.519808
2016-10-04 17:54:59.373386543Z,1063.72056
2016-10-04 17:54:59.753386543Z,697.25808
2016-10-04 17:54:59.573386543Z,881.716256
2016-10-04 17:54:59.743386543Z,714.600128
2016-10-04 17:54:59.773386543Z,688.801712
2016-10-04 17:54:59.483386543Z,983.18056
2016-10-04 17:54:59.393386543Z,1078.349456
2016-10-04 17:54:59.823386543Z,663.259136
2016-10-04 17:54:59.783386543Z,703.491328
2016-10-04 17:54:59.463386543Z,1023.596672
2016-10-04 17:54:59.533386543Z,953.651616
2016-10-04 17:54:59.803386543Z,715.1536
2016-10-04 17:54:59.763386543Z,763.548848
2016-10-04 17:54:59.603386543Z,924.881472
2016-10-04 17:54:59.713386543Z,815.206464
2016-10-04 17:54:59.433386543Z,1104.479008
2016-10-04 17:54:59.453386543Z,1084.772448
2016-10-04 17:54:59.543386543Z,997.37824
2016-10-04 17:54:59.503386543Z,1063.581968
2016-10-04 17:54:59.653386543Z,924.239232
2016-10-04 17:54:59.523386543Z,1057.224992
2016-10-04 17:54:59.793386543Z,793.8196
2016-10-04 17:54:59.553386543Z,1037.238672
2016-10-04 17:54:59.583386543Z,1016.744544
2016-10-04 17:54:59.663386543Z,940.21928
2016-10-04 17:54:59.893386543Z,712.181152
2016-10-04 17:54:59.813386543Z,839.24152
2016-10-04 17:54:59.623386543Z,1032.534256
2016-10-04 17:54:59.673386543Z,991.597408
2016-10-04 17:54:59.643386543Z,1024.556736
2016-10-04 17:54:59.963386543Z,719.199536
2016-10-04 17:54:59.703386543Z,992.499664
2016-10-04 17:54:59.933386543Z,779.54096
2016-10-04 17:54:59.833386543Z,899.904688
2016-10-04 17:54:59.613386543Z,1120.614784
2016-10-04 17:54:59.633386543Z,1105.108672
2016-10-04 17:54:59.683386543Z,1057.390752
2016-10-04 17:54:59.563386543Z,1187.4836
2016-10-04 17:54:59.923386543Z,835.677936
2016-10-04 17:54:59.843386543Z,917.457168
2016-10-04 17:54:59.693386543Z,1074.373632
2016-10-04 17:54:59.883386543Z,892.348
2016-10-04 17:54:59.903386543Z,895.989456
2016-10-04 17:54:59.733386543Z,1073.314896
2016-10-04 17:54:59.983386543Z,832.35872
2016-10-04 17:54:59.863386543Z,991.014912
2016-10-04 17:54:59.913386543Z,941.376048
2016-10-04 17:54:59.723386543Z,1157.22784
2016-10-04 17:55:00.073386543Z,816.89656
2016-10-04 17:55:00.013386543Z,877.064608
2016-10-04 17:55:00.043386543Z,847.15744
2016-10-04 17:55:00.003386543Z,889.396
2016-10-04 17:54:59.083386543Z,1809.600192
2016-10-04 17:55:00.093386543Z,799.893536
2016-10-04 17:55:00.213386543Z,684.053712
2016-10-04 17:55:00.033386543Z,869.858144
2016-10-04 17:54:59.943386543Z,969.040864
2016-10-04 17:55:00.023386543Z,897.265568
2016-10-04 17:55:00.223386543Z,700.035552
2016-10-04 17:55:00.053386543Z,871.722304
2016-10-04 17:55:00.123386543Z,811.224704
2016-10-04 17:54:59.853386543Z,1090.410896
2016-10-04 17:55:00.083386543Z,864.269344
2016-10-04 17:54:59.993386543Z,961.774384
2016-10-04 17:55:00.273386543Z,731.203248
2016-10-04 17:55:00.193386543Z,811.281968
2016-10-04 17:55:00.063386543Z,941.861968
2016-10-04 17:55:00.153386543Z,858.53352
2016-10-04 17:54:59.973386543Z,1041.270912
2016-10-04 17:55:00.183386543Z,858.42112
2016-10-04 17:54:59.873386543Z,1189.460512
2016-10-04 17:55:00.253386543Z,818.699344
2016-10-04 17:55:00.163386543Z,910.814848
2016-10-04 17:55:00.113386543Z,965.591248
2016-10-04 17:55:00.103386543Z,1007.52912
2016-10-04 17:55:00.143386543Z,991.408944
2016-10-04 17:54:59.143386543Z,2013.701008
2016-10-04 17:55:00.203386543Z,963.30928
2016-10-04 17:55:00.233386543Z,944.289104
2016-10-04 17:54:59.253386543Z,1938.820928
2016-10-04 17:55:00.283386543Z,921.964
2016-10-04 17:54:58.983386543Z,2246.462
2016-10-04 17:55:00.353386543Z,920.461872
2016-10-04 17:55:00.393386543Z,884.769104
2016-10-04 17:54:59.303386543Z,1974.84584
2016-10-04 17:55:00.323386543Z,957.687648
2016-10-04 17:54:59.203386543Z,2079.109312
2016-10-04 17:55:00.363386543Z,932.489616
2016-10-04 17:55:00.313386543Z,985.306752
2016-10-04 17:54:59.193386543Z,2106.502672
2016-10-04 17:54:59.383386543Z,1921.132704
2016-10-04 17:54:59.953386543Z,1355.669632
2016-10-04 17:55:00.333386543Z,977.675136
2016-10-04 17:55:00.243386543Z,1078.200224
2016-10-04 17:55:00.463386543Z,862.71872
2016-10-04 17:55:00.403386543Z,932.668448
2016-10-04 17:55:00.513386543Z,833.76504
2016-10-04 17:55:00.173386543Z,1174.07712
2016-10-04 17:55:00.443386543Z,906.712816
2016-10-04 17:55:00.343386543Z,1011.335696
2016-10-04 17:55:00.383386543Z,971.530576
2016-10-04 17:55:00.413386543Z,945.84496
2016-10-04 17:55:00.483386543Z,879.005824
2016-10-04 17:55:00.533386543Z,835.88008
2016-10-04 17:55:00.303386543Z,1077.055104
2016-10-04 17:55:00.293386543Z,1089.489456
2016-10-04 17:55:00.373386543Z,1011.803024
2016-10-04 17:55:00.593386543Z,796.536032
2016-10-04 17:55:00.543386543Z,847.859456
2016-10-04 17:55:00.493386543Z,907.508304
2016-10-04 17:55:00.423386543Z,983.024512
2016-10-04 17:55:00.563386543Z,845.202224
2016-10-04 17:54:59.213386543Z,2197.787424
2016-10-04 17:55:00.523386543Z,891.704384
2016-10-04 17:55:00.453386543Z,964.439904
2016-10-04 17:55:00.553386543Z,867.879344
2016-10-04 17:54:59.333386543Z,2094.802928
2016-10-04 17:55:00.473386543Z,984.87752
2016-10-04 17:55:00.433386543Z,1108.209104
2016-10-04 17:55:00.613386543Z,960.589456
2016-10-04 17:55:00.583386543Z,1015.79744
2016-10-04 17:55:00.623386543Z,982.056448
2016-10-04 17:55:00.723386543Z,893.964
2016-10-04 17:55:00.693386543Z,924.469472
2016-10-04 17:55:00.673386543Z,973.76288
2016-10-04 17:55:00.603386543Z,1047.139168
2016-10-04 17:55:00.633386543Z,1021.183232
2016-10-04 17:55:00.803386543Z,866.64728
2016-10-04 17:55:00.663386543Z,1042.338832
2016-10-04 17:55:00.923386543Z,829.02784
2016-10-04 17:55:00.793386543Z,959.16312
2016-10-04 17:55:00.883386543Z,880.76344
2016-10-04 17:55:00.503386543Z,1288.284608
2016-10-04 17:55:00.733386543Z,1067.039728
2016-10-04 17:55:00.703386543Z,1116.593136
2016-10-04 17:55:00.823386543Z,1009.573248
2016-10-04 17:55:00.713386543Z,1127.50168
2016-10-04 17:55:00.773386543Z,1098.18656
2016-10-04 17:55:00.683386543Z,1189.95408
2016-10-04 17:55:00.873386543Z,1013.130112
2016-10-04 17:55:00.833386543Z,1076.39472
2016-10-04 17:55:00.853386543Z,1059.512432
2016-10-04 17:55:00.953386543Z,964.890624
2016-10-04 17:55:00.903386543Z,1028.126992
2016-10-04 17:55:00.983386543Z,954.029952
2016-10-04 17:55:00.843386543Z,1115.590928
2016-10-04 17:55:01.013386543Z,969.165728
2016-10-04 17:55:00.813386543Z,1169.724224
2016-10-04 17:55:01.153386543Z,829.916112
2016-10-04 17:55:00.913386543Z,1070.096832
2016-10-04 17:55:01.023386543Z,966.09592
2016-10-04 17:55:00.783386543Z,1214.556624
2016-10-04 17:55:00.863386543Z,1135.081408
2016-10-04 17:55:00.943386543Z,1056.154512
2016-10-04 17:55:01.093386543Z,906.342416
2016-10-04 17:55:00.893386543Z,1120.50568
2016-10-04 17:55:01.123386543Z,902.22392
2016-10-04 17:55:00.993386543Z,1033.159088
2016-10-04 17:55:00.963386543Z,1085.485072
2016-10-04 17:55:01.263386543Z,808.231936
2016-10-04 17:55:01.063386543Z,1024.892464
2016-10-04 17:55:01.313386543Z,777.94176
2016-10-04 17:55:01.213386543Z,879.537872
2016-10-04 17:55:01.003386543Z,1094.718288
2016-10-04 17:55:00.763386543Z,1344.151728
2016-10-04 17:55:01.033386543Z,1174.14856
2016-10-04 17:55:01.143386543Z,1108.368992
2016-10-04 17:55:01.103386543Z,1148.980544
2016-10-04 17:55:01.083386543Z,1176.639648
2016-10-04 17:55:01.223386543Z,1041.395008
2016-10-04 17:55:01.393386543Z,871.52904
2016-10-04 17:55:00.973386543Z,1293.3812
2016-10-04 17:55:01.183386543Z,1089.754048
2016-10-04 17:55:01.343386543Z,933.411504
2016-10-04 17:55:01.203386543Z,1074.054384
2016-10-04 17:55:01.473386543Z,805.039136
2016-10-04 17:55:01.243386543Z,1040.500976
2016-10-04 17:55:01.283386543Z,1008.365376
2016-10-04 17:55:01.113386543Z,1214.82504
2016-10-04 17:55:01.383386543Z,960.384304
2016-10-04 17:55:01.053386543Z,1307.841952
2016-10-04 17:55:01.043386543Z,1319.821712
2016-10-04 17:55:01.173386543Z,1201.018176
2016-10-04 17:55:01.253386543Z,1124.228688
2016-10-04 17:55:01.233386543Z,1153.97856
2016-10-04 17:55:01.303386543Z,1088.10344
2016-10-04 17:55:01.333386543Z,1058.111232
2016-10-04 17:55:00.133386543Z,2261.839584
2016-10-04 17:55:01.073386543Z,1324.633376
2016-10-04 17:55:00.933386543Z,1466.403632
2016-10-04 17:55:01.193386543Z,1208.424096
2016-10-04 17:55:01.133386543Z,1268.608416
2016-10-04 17:55:01.463386543Z,942.543504
2016-10-04 17:55:01.563386543Z,851.464976
2016-10-04 17:55:01.293386543Z,1131.855232
2016-10-04 17:55:01.663386543Z,764.320576
2016-10-04 17:55:01.423386543Z,1006.930816
2016-10-04 17:55:01.493386543Z,941.852176
2016-10-04 17:55:01.323386543Z,1122.124144
2016-10-04 17:55:01.503386543Z,943.988704
2016-10-04 17:55:01.433386543Z,1016.994464
2016-10-04 17:55:01.353386543Z,1098.28032
2016-10-04 17:55:01.363386543Z,1090.71536
2016-10-04 17:55:01.373386543Z,1083.280688
2016-10-04 17:55:01.543386543Z,940.153088
2016-10-04 17:55:01.533386543Z,959.694144
2016-10-04 17:55:00.263386543Z,2266.475968
2016-10-04 17:55:01.603386543Z,931.549968
2016-10-04 17:55:01.553386543Z,1020.764304
2016-10-04 17:55:01.733386543Z,845.203712
2016-10-04 17:55:01.453386543Z,1133.576656
2016-10-04 17:55:01.723386543Z,876.808528
2016-10-04 17:55:01.443386543Z,1158.626688
2016-10-04 17:55:01.593386543Z,1009.632384
2016-10-04 17:55:01.513386543Z,1095.558752
2016-10-04 17:55:01.413386543Z,1198.98568
2016-10-04 17:55:01.613386543Z,1008.0052
2016-10-04 17:55:01.743386543Z,878.741568
2016-10-04 17:55:01.763386543Z,858.90792
2016-10-04 17:55:01.693386543Z,944.065344
2016-10-04 17:55:01.653386543Z,984.260864
2016-10-04 17:55:01.483386543Z,1154.585696
2016-10-04 17:55:01.773386543Z,864.617632
2016-10-04 17:55:01.273386543Z,1364.783232
2016-10-04 17:55:01.623386543Z,1043.222928
2016-10-04 17:55:01.703386543Z,965.156208
2016-10-04 17:55:01.633386543Z,1036.542112
2016-10-04 17:55:01.573386543Z,1099.262832
2016-10-04 17:55:01.583386543Z,1095.462448
2016-10-04 17:55:01.643386543Z,1037.314528
2016-10-04 17:55:01.713386543Z,968.222672
2016-10-04 17:55:01.753386543Z,941.204256
2016-10-04 17:55:01.673386543Z,1030.74104
2016-10-04 17:55:01.523386543Z,1186.994048
2016-10-04 17:55:01.403386543Z,1340.473952
2016-10-04 17:55:00.753386543Z,2041.021776
2016-10-04 17:55:01.683386543Z,1116.74208
2016-10-04 17:55:00.643386543Z,2167.510256
2016-10-04 17:55:00.743386543Z,2075.44944
2016-10-04 17:55:00.653386543Z,2171.06312
2016-10-04 17:55:01.783386543Z,1078.894784
2016-10-04 17:55:00.573386543Z,2313.544016
2016-10-04 17:55:01.163386543Z,2112.345712
2016-10-04 17:55:03.298556543Z,742.58568
2016-10-04 17:55:03.308556543Z,781.60688
2016-10-04 17:55:03.293556543Z,829.283664
2016-10-04 17:55:03.313556543Z,907.18624
2016-10-04 17:55:03.408556543Z,878.341808
2016-10-04 17:55:03.443556543Z,854.6792
2016-10-04 17:55:03.336618127Z,1022.07952
2016-10-04 17:55:03.373556543Z,1005.878192
2016-10-04 17:55:03.398556543Z,981.960096
2016-10-04 17:55:03.288556543Z,1092.079648
2016-10-04 17:55:03.483556543Z,906.418928
2016-10-04 17:55:03.453556543Z,948.458976
2016-10-04 17:55:03.388556543Z,1013.463744
2016-10-04 17:55:03.495368207Z,906.885824
2016-10-04 17:55:03.383556543Z,1018.741552
2016-10-04 17:55:03.318556543Z,1093.614672
2016-10-04 17:55:03.338556543Z,1083.795184
2016-10-04 17:55:03.348946127Z,1087.713968
2016-10-04 17:55:03.353556543Z,1083.978736
2016-10-04 17:55:03.363556543Z,1074.10552
2016-10-04 17:55:03.438556543Z,1006.307872
2016-10-04 17:55:03.303556543Z,1159.06872
2016-10-04 17:55:03.418556543Z,1045.050656
2016-10-04 17:55:03.328556543Z,1139.271664
2016-10-04 17:55:03.523556543Z,963.843552
2016-10-04 17:55:03.528556543Z,966.300368
2016-10-04 17:55:03.518556543Z,1004.65392
2016-10-04 17:55:03.358556543Z,1165.016736
2016-10-04 17:55:03.568556543Z,967.148064
2016-10-04 17:55:03.368556543Z,1169.757584
2016-10-04 17:55:03.448606335Z,1090.683264
2016-10-04 17:55:03.378556543Z,1161.097808
2016-10-04 17:55:03.428556543Z,1117.550848
2016-10-04 17:55:03.458556543Z,1114.36344
2016-10-04 17:55:03.403556543Z,1194.493872
2016-10-04 17:55:03.479081375Z,1128.049824
2016-10-04 17:55:03.543556543Z,1068.061888
2016-10-04 17:55:03.648556543Z,963.746048
2016-10-04 17:55:03.473556543Z,1150.05504
2016-10-04 17:55:03.498556543Z,1125.579728
2016-10-04 17:55:03.343556543Z,1282.025952
2016-10-04 17:55:03.423556543Z,1237.612032
2016-10-04 17:55:03.582936095Z,1237.444
2016-10-04 17:55:03.588556543Z,1232.113952
2016-10-04 17:55:03.718556543Z,1112.26224
2016-10-04 17:55:03.563556543Z,1269.663888
2016-10-04 17:55:03.673556543Z,1166.30488
2016-10-04 17:55:03.495362495Z,1384.689008
2016-10-04 17:55:03.556290063Z,1323.8852
2016-10-04 17:55:03.463556543Z,1417.10904
2016-10-04 17:55:03.393556543Z,1512.182608
2016-10-04 17:55:03.433556543Z,1472.420208
2016-10-04 17:55:03.468556543Z,1448.602624
2016-10-04 17:55:03.758556543Z,1158.801776
2016-10-04 17:55:03.573556543Z,1391.240736
2016-10-04 17:55:03.553144895Z,1413.5116
2016-10-04 17:55:03.603556543Z,1368.131376
2016-10-04 17:55:03.777164591Z,1197.078896
2016-10-04 17:55:03.538556543Z,1489.652384
2016-10-04 17:55:03.533556543Z,1497.545072
2016-10-04 17:55:03.805340015Z,1226.66392
2016-10-04 17:55:03.703556543Z,1343.659648
2016-10-04 17:55:03.413556543Z,1633.907184
2016-10-04 17:55:03.728556543Z,1319.209184
2016-10-04 17:55:03.723556543Z,1325.28744
2016-10-04 17:55:03.665769215Z,1392.484128
2016-10-04 17:55:03.643686591Z,1423.037504
2016-10-04 17:55:03.733556543Z,1334.139872
2016-10-04 17:55:03.700853119Z,1373.006592
2016-10-04 17:55:03.805344079Z,1286.218
2016-10-04 17:55:03.583556543Z,1508.490208
2016-10-04 17:55:03.777161983Z,1315.168064
2016-10-04 17:55:03.513556543Z,1594.519872
2016-10-04 17:55:03.608556543Z,1499.846976
2016-10-04 17:55:03.503556543Z,1640.351808
2016-10-04 17:55:03.619086671Z,1524.986528
2016-10-04 17:55:03.658556543Z,1535.244208
2016-10-04 17:55:03.693556543Z,1508.5864
2016-10-04 17:55:03.689007327Z,1583.568304
2016-10-04 17:55:03.757895151Z,1527.226432
2016-10-04 17:55:03.678556543Z,1643.539264
2016-10-04 17:55:03.789902815Z,1532.466464
2016-10-04 17:55:03.656187039Z,1678.700128
2016-10-04 17:55:03.598556543Z,1749.463728
2016-10-04 17:55:03.283558575Z,2064.621168
2016-10-04 17:55:03.668556543Z,1692.586864
2016-10-04 17:55:03.619081055Z,1763.711088
2016-10-04 17:55:03.808556543Z,1593.904416
2016-10-04 17:55:03.633556543Z,1776.493856
2016-10-04 17:55:03.777159007Z,1632.906816
2016-10-04 17:55:03.952459903Z,1470.709856
2016-10-04 17:55:03.815266927Z,1638.031472
2016-10-04 17:55:03.741214271Z,1712.216848
2016-10-04 17:55:03.894536687Z,1559.775584
2016-10-04 17:55:03.793556543Z,1667.938928
2016-10-04 17:55:04.118556543Z,1346.626672
2016-10-04 17:55:03.689011151Z,1778.695072
2016-10-04 17:55:03.952463951Z,1521.596816
2016-10-04 17:55:03.952429647Z,1521.838912
2016-10-04 17:55:03.789899775Z,1684.572448
2016-10-04 17:55:03.851639599Z,1623.057424
2016-10-04 17:55:03.851645423Z,1640.858208
2016-10-04 17:55:03.894545791Z,1608.841808
2016-10-04 17:55:03.894550255Z,1646.660416
2016-10-04 17:55:03.963556543Z,1617.19408
2016-10-04 17:55:04.096352943Z,1484.483008
2016-10-04 17:55:03.633105583Z,1948.66256
2016-10-04 17:55:04.096381871Z,1485.822128
2016-10-04 17:55:04.096347775Z,1488.248016
2016-10-04 17:55:04.096396591Z,1489.131664
2016-10-04 17:55:03.952455791Z,1635.58432
2016-10-04 17:55:03.953556543Z,1635.370624
2016-10-04 17:55:03.898556543Z,1690.809504
2016-10-04 17:55:03.828556543Z,1761.554544
2016-10-04 17:55:03.323556543Z,2267.637904
2016-10-04 17:55:04.096411039Z,1494.796064
2016-10-04 17:55:03.952467855Z,1639.312224
2016-10-04 17:55:04.096455727Z,1495.466224
2016-10-04 17:55:03.851635791Z,1740.605568
2016-10-04 17:55:03.853556543Z,1738.754736
2016-10-04 17:55:04.096341871Z,1496.222256
2016-10-04 17:55:03.596599359Z,1996.128752
2016-10-04 17:55:03.952451327Z,1648.581728
2016-10-04 17:55:03.952438607Z,1648.66624
2016-10-04 17:55:04.096357967Z,1505.048528
2016-10-04 17:55:04.096386719Z,1505.480352
2016-10-04 17:55:04.096406143Z,1505.50768
2016-10-04 17:55:03.826268703Z,1775.696688
2016-10-04 17:55:03.894531711Z,1712.364752
2016-10-04 17:55:04.096470015Z,1514.608672
2016-10-04 17:55:04.098556543Z,1518.620384
2016-10-04 17:55:03.713556543Z,1971.041664
2016-10-04 17:55:03.952447263Z,1753.5532
2016-10-04 17:55:03.894541343Z,1826.99576
2016-10-04 17:55:04.096401503Z,1627.103504
2016-10-04 17:55:03.894559071Z,1842.835968
2016-10-04 17:55:03.851642559Z,1903.016256
2016-10-04 17:55:03.894563151Z,1895.7488
2016-10-04 17:55:03.643691791Z,2147.71384
2016-10-04 17:55:03.952443055Z,1843.177696
2016-10-04 17:55:04.096391871Z,1699.9468
2016-10-04 17:55:03.623556543Z,2173.247776
2016-10-04 17:55:04.096420463Z,1701.202128
2016-10-04 17:55:04.117551503Z,1695.7676
2016-10-04 17:55:04.096367727Z,1752.950816
2016-10-04 17:55:04.223556543Z,1684.80848
2016-10-04 17:55:04.189581503Z,1719.436128
2016-10-04 17:55:03.952434271Z,2063.12848
2016-10-04 17:55:04.327626591Z,1692.179072
2016-10-04 17:55:04.327631215Z,1708.59704
2016-10-04 17:55:04.096434095Z,1940.471824
2016-10-04 17:55:03.743556543Z,2317.751744
2016-10-04 17:55:04.189585615Z,1896.683296
2016-10-04 17:55:04.271574095Z,1834.964064
2016-10-04 17:55:04.189597327Z,1917.189472
2016-10-04 17:55:04.411476255Z,1712.787568
2016-10-04 17:55:04.411467807Z,1714.20032
2016-10-04 17:55:04.286512623Z,1839.257184
2016-10-04 17:55:04.243556543Z,1882.372432
2016-10-04 17:55:04.189577535Z,1953.945328
2016-10-04 17:55:04.189573423Z,1954.043824
2016-10-04 17:55:04.358255887Z,1804.2664
2016-10-04 17:55:04.328556543Z,1834.16296
2016-10-04 17:55:04.243535983Z,1934.069408
2016-10-04 17:55:04.452325599Z,1730.632928
2016-10-04 17:55:04.476425183Z,1707.887008
2016-10-04 17:55:04.189589471Z,1995.609376
2016-10-04 17:55:04.271569503Z,1925.182112
2016-10-04 17:55:03.508556543Z,2690.07008
2016-10-04 17:55:03.778556543Z,2437.211776
2016-10-04 17:55:04.411462095Z,1804.967216
2016-10-04 17:55:04.271564431Z,1946.3484
2016-10-04 17:55:04.411464895Z,1806.78432
2016-10-04 17:55:04.452330031Z,1766.064128
2016-10-04 17:55:04.117545071Z,2119.110912
2016-10-04 17:55:04.358247247Z,1878.514192
2016-10-04 17:55:04.411449279Z,1825.398448
2016-10-04 17:55:04.411452927Z,1826.25432
2016-10-04 17:55:04.189613775Z,2048.374992
2016-10-04 17:55:04.308556543Z,1954.615808
2016-10-04 17:55:04.096460463Z,2169.1248
2016-10-04 17:55:04.476434191Z,1794.202592
2016-10-04 17:55:04.298459951Z,1972.451184
2016-10-04 17:55:04.608556543Z,1663.964336
2016-10-04 17:55:04.452342639Z,1827.36144
2016-10-04 17:55:04.358556543Z,1921.58288
2016-10-04 17:55:04.452321183Z,1831.677728
2016-10-04 17:55:04.271583087Z,2066.360736
2016-10-04 17:55:04.096362959Z,2243.693344
2016-10-04 17:55:04.221050879Z,2123.863744
2016-10-04 17:55:04.411459215Z,1959.333792
2016-10-04 17:55:04.411470639Z,1975.791424
2016-10-04 17:55:04.476419791Z,1944.238048
2016-10-04 17:55:04.189609631Z,2231.312752
2016-10-04 17:55:04.453556543Z,1974.361936
2016-10-04 17:55:04.221035167Z,2229.416464
2016-10-04 17:55:04.096425295Z,2355.663968
2016-10-04 17:55:04.189559759Z,2265.933776
2016-10-04 17:55:04.189564383Z,2267.37064
2016-10-04 17:55:04.221045743Z,2271.896288
2016-10-04 17:55:04.271578623Z,2221.50024
2016-10-04 17:55:04.189568847Z,2339.10976
2016-10-04 17:55:03.894554831Z,2677.39416
2016-10-04 17:55:03.818556543Z,2753.638096
2016-10-04 17:55:04.452334223Z,2138.105152
2016-10-04 17:55:04.597865615Z,2021.424112
2016-10-04 17:55:04.096465103Z,2526.336064
2016-10-04 17:55:04.243538975Z,2380.821968
2016-10-04 17:55:04.189593311Z,2448.532896
2016-10-04 17:55:03.963423391Z,2683.366544
2016-10-04 17:55:04.096377183Z,2550.528336
2016-10-04 17:55:03.712257055Z,2934.851264
2016-10-04 17:55:03.558556543Z,3090.165536
2016-10-04 17:55:04.096442863Z,2590.533552
2016-10-04 17:55:03.757888751Z,2941.133952
2016-10-04 17:55:04.096438447Z,2667.149216
2016-10-04 17:55:04.096429951Z,2667.626656
2016-10-04 17:55:04.327635231Z,2444.035584
2016-10-04 17:55:04.243541359Z,2609.314016
2016-10-04 17:55:04.476429759Z,2381.19968
2016-10-04 17:55:04.411473455Z,2508.178848
2016-10-04 17:55:04.096372463Z,2907.94088
2016-10-04 17:55:04.117548431Z,2899.774976
2016-10-04 17:55:04.890096607Z,2127.905632
2016-10-04 17:55:04.221040863Z,2797.247424
2016-10-04 17:55:04.556758895Z,2461.686016
2016-10-04 17:55:04.890075807Z,2128.533552
2016-10-04 17:55:05.058348159Z,1960.486416
2016-10-04 17:55:04.513420063Z,2505.672704
2016-10-04 17:55:04.513404287Z,2582.224208
2016-10-04 17:55:04.358242655Z,2752.3808
2016-10-04 17:55:04.286517615Z,2824.945088
2016-10-04 17:55:04.538539679Z,2604.686704
2016-10-04 17:55:04.890149343Z,2296.4296
2016-10-04 17:55:04.273556543Z,2938.909904
2016-10-04 17:55:04.618556543Z,2601.288272
2016-10-04 17:55:04.959530895Z,2260.580592
2016-10-04 17:55:04.890135295Z,2330.22008
2016-10-04 17:55:05.058331407Z,2178.629248
2016-10-04 17:55:04.890081855Z,2361.887376
2016-10-04 17:55:04.959565983Z,2292.70464
2016-10-04 17:55:04.413556543Z,2841.392832
2016-10-04 17:55:04.890106367Z,2377.365056
2016-10-04 17:55:04.189601535Z,3078.253072
2016-10-04 17:55:04.628556543Z,2669.047904
2016-10-04 17:55:04.513414127Z,2796.098992
2016-10-04 17:55:04.890225615Z,2419.687456
2016-10-04 17:55:04.597860015Z,2719.072576
2016-10-04 17:55:04.597870703Z,2719.119456
2016-10-04 17:55:04.890288927Z,2427.033648
2016-10-04 17:55:04.513556543Z,2804.302016
2016-10-04 17:55:04.890101327Z,2427.930032
2016-10-04 17:55:04.221055903Z,3097.219392
2016-10-04 17:55:04.573440511Z,2751.437792
2016-10-04 17:55:05.058338687Z,2266.78528
2016-10-04 17:55:05.594523391Z,1734.378128
2016-10-04 17:55:05.058366623Z,2271.639136
2016-10-04 17:55:04.890144687Z,2439.982416
2016-10-04 17:55:05.058357503Z,2272.23624
2016-10-04 17:55:04.543556543Z,2787.081296
2016-10-04 17:55:04.890274479Z,2440.565456
2016-10-04 17:55:04.890284015Z,2442.90864
2016-10-04 17:55:04.890269615Z,2443.157552
2016-10-04 17:55:04.452338383Z,2881.32864
2016-10-04 17:55:04.558556543Z,2777.35952
2016-10-04 17:55:04.096415775Z,3240.985264
2016-10-04 17:55:05.058341167Z,2281.928112
2016-10-04 17:55:04.890254767Z,2450.563632
2016-10-04 17:55:04.659911023Z,2681.420208
2016-10-04 17:55:04.959569551Z,2382.236256
2016-10-04 17:55:05.058343567Z,2284.4856
2016-10-04 17:55:05.058364367Z,2286.017712
2016-10-04 17:55:04.358237471Z,2994.021552
2016-10-04 17:55:05.058325839Z,2296.190768
2016-10-04 17:55:04.411456271Z,2957.152368
2016-10-04 17:55:04.959552159Z,2409.838656
2016-10-04 17:55:04.659895919Z,2709.831408
2016-10-04 17:55:04.298556543Z,3071.497824
2016-10-04 17:55:05.058362111Z,2326.055984
2016-10-04 17:55:05.721555103Z,1677.122
2016-10-04 17:55:04.288556543Z,3120.387088
2016-10-04 17:55:04.890210991Z,2546.355248
2016-10-04 17:55:05.594569615Z,1842.200528
2016-10-04 17:55:04.959555647Z,2477.49688
2016-10-04 17:55:04.959541903Z,2479.814176
2016-10-04 17:55:04.890086959Z,2569.10944
2016-10-04 17:55:05.166030991Z,2298.772128
2016-10-04 17:55:04.890163823Z,2574.921184
2016-10-04 17:55:04.890158975Z,2575.195664
2016-10-04 17:55:04.890206415Z,2575.394272
2016-10-04 17:55:04.890215791Z,2575.633184
2016-10-04 17:55:05.058556543Z,2419.97784
2016-10-04 17:55:04.890201727Z,2595.09512
2016-10-04 17:55:04.538557967Z,2946.88816
2016-10-04 17:55:04.659899439Z,2825.687088
2016-10-04 17:55:04.959526687Z,2526.216352
2016-10-04 17:55:04.890125983Z,2595.732576
2016-10-04 17:55:04.573443503Z,2912.534112
2016-10-04 17:55:05.166008287Z,2320.12664
2016-10-04 17:55:04.893556543Z,2592.947504
2016-10-04 17:55:05.058328911Z,2461.355024
2016-10-04 17:55:04.959538367Z,2562.994544
2016-10-04 17:55:04.890196799Z,2632.472192
2016-10-04 17:55:04.963556543Z,2607.198512
2016-10-04 17:55:05.166016799Z,2424.264896
2016-10-04 17:55:04.513411023Z,3107.394816
2016-10-04 17:55:04.663556543Z,2966.774016
2016-10-04 17:55:05.165977919Z,2464.654176
2016-10-04 17:55:04.538549039Z,3118.280992
2016-10-04 17:55:04.890235503Z,2768.43368
2016-10-04 17:55:04.890154175Z,2768.729648
2016-10-04 17:55:04.959545311Z,2706.727328
2016-10-04 17:55:04.890264735Z,2781.071376
2016-10-04 17:55:05.618556543Z,2052.90224
2016-10-04 17:55:04.890220575Z,2781.296224
2016-10-04 17:55:05.168556543Z,2503.152064
2016-10-04 17:55:05.058333983Z,2640.11264
2016-10-04 17:55:04.890279327Z,2808.168816
2016-10-04 17:55:05.594585343Z,2117.177792
2016-10-04 17:55:04.959559135Z,2752.529328
2016-10-04 17:55:04.478556543Z,3266.720512
2016-10-04 17:55:04.890121311Z,2897.059696
2016-10-04 17:55:04.890240303Z,2896.956416
2016-10-04 17:55:05.594520927Z,2210.84424
2016-10-04 17:55:05.058350559Z,2747.088464
2016-10-04 17:55:05.594576303Z,2211.171712
2016-10-04 17:55:05.594607599Z,2211.153536
2016-10-04 17:55:05.594580847Z,2216.382544
2016-10-04 17:55:05.594553519Z,2217.090576
2016-10-04 17:55:04.659905407Z,3155.127904
2016-10-04 17:55:05.165965039Z,2671.470432
2016-10-04 17:55:05.058345903Z,2794.50808
2016-10-04 17:55:05.594592111Z,2268.180112
2016-10-04 17:55:04.189605647Z,3681.026896
2016-10-04 17:55:04.659908271Z,3211.182352
2016-10-04 17:55:05.594684943Z,2310.461456
2016-10-04 17:55:04.890245231Z,3043.4992
2016-10-04 17:55:04.890230431Z,3044.216304
2016-10-04 17:55:05.165999647Z,2768.728224
2016-10-04 17:55:05.165974399Z,2771.550896
2016-10-04 17:55:04.358251567Z,3595.459888
2016-10-04 17:55:05.594662079Z,2370.114432
2016-10-04 17:55:05.166019647Z,2819.629872
2016-10-04 17:55:04.598556543Z,3387.204928
2016-10-04 17:55:05.058355231Z,2927.500464
2016-10-04 17:55:04.890168767Z,3096.046912
2016-10-04 17:55:04.890259567Z,3104.202688
2016-10-04 17:55:04.890139999Z,3132.72984
2016-10-04 17:55:04.890191999Z,3132.760928
2016-10-04 17:55:05.594618751Z,2465.638
2016-10-04 17:55:05.594539871Z,2466.07448
2016-10-04 17:55:04.890173823Z,3170.708672
2016-10-04 17:55:04.890116191Z,3188.384352
2016-10-04 17:55:04.573556543Z,3519.82312
2016-10-04 17:55:04.538544623Z,3555.59416
2016-10-04 17:55:05.594530607Z,2500.35416
2016-10-04 17:55:05.594691887Z,2500.666928
2016-10-04 17:55:04.890249983Z,3205.362848
2016-10-04 17:55:05.165987775Z,2930.073664
2016-10-04 17:55:04.890111343Z,3205.984704
2016-10-04 17:55:05.594621087Z,2501.565984
2016-10-04 17:55:05.058336367Z,3039.915168
2016-10-04 17:55:05.165971455Z,2934.046896
2016-10-04 17:55:05.594643903Z,2506.88912
2016-10-04 17:55:05.192314015Z,2918.963184
2016-10-04 17:55:05.594603119Z,2520.679216
2016-10-04 17:55:04.452315903Z,3663.836688
2016-10-04 17:55:05.165996783Z,3021.740496
2016-10-04 17:55:05.058359791Z,3134.147344
2016-10-04 17:55:05.594532927Z,2598.17296
2016-10-04 17:55:05.594680543Z,2598.130944
2016-10-04 17:55:05.594562911Z,2602.042832
2016-10-04 17:55:05.165990847Z,3030.733712
2016-10-04 17:55:05.594687279Z,2603.460448
2016-10-04 17:55:05.594567391Z,2604.626464
2016-10-04 17:55:05.594646191Z,2605.60016
2016-10-04 17:55:05.594632351Z,2618.747408
2016-10-04 17:55:05.166005407Z,3059.456416
2016-10-04 17:55:05.192309823Z,3033.359296
2016-10-04 17:55:05.594565167Z,2631.840352
2016-10-04 17:55:05.594525919Z,2632.38432
2016-10-04 17:55:05.193556543Z,3061.664128
2016-10-04 17:55:05.594555935Z,2669.0136
2016-10-04 17:55:04.603702111Z,3672.497152
2016-10-04 17:55:04.304622191Z,3977.444096
2016-10-04 17:55:04.659902527Z,3637.575456
2016-10-04 17:55:05.594636975Z,2703.631264
2016-10-04 17:55:05.594537535Z,2745.753328
2016-10-04 17:55:05.166002463Z,3231.380096
2016-10-04 17:55:04.890178783Z,3513.360352
2016-10-04 17:55:05.594627839Z,2809.205056
2016-10-04 17:55:04.959534671Z,3444.706832
2016-10-04 17:55:04.193556543Z,4224.138288
2016-10-04 17:55:05.594698895Z,2827.916896
2016-10-04 17:55:05.594641631Z,2828.006256
2016-10-04 17:55:05.594546719Z,2833.467856
2016-10-04 17:55:04.890130591Z,3537.918352
2016-10-04 17:55:05.594583103Z,2833.763104
2016-10-04 17:55:05.594558271Z,2833.811312
2016-10-04 17:55:05.166028223Z,3262.360096
2016-10-04 17:55:05.594609807Z,3255.759088
2016-10-04 17:55:04.890293663Z,3960.180416
2016-10-04 17:55:05.594634655Z,3255.947792
2016-10-04 17:55:05.594630127Z,3256.08008
2016-10-04 17:55:05.594694191Z,3256.056528
2016-10-04 17:55:05.594616479Z,3256.257984
2016-10-04 17:55:04.959548655Z,3891.366944
2016-10-04 17:55:05.958556543Z,2892.476816
2016-10-04 17:55:05.594560591Z,3256.639888
2016-10-04 17:55:05.896856719Z,2954.505264
2016-10-04 17:55:05.594542111Z,3257.620144
2016-10-04 17:55:05.650923647Z,3215.768688
2016-10-04 17:55:05.650907887Z,3216.153696
2016-10-04 17:55:05.721573119Z,3145.729008
2016-10-04 17:55:05.166011167Z,3701.494
2016-10-04 17:55:05.721559743Z,3145.959728
2016-10-04 17:55:06.086452943Z,2781.07232
2016-10-04 17:55:05.603556543Z,3264.02368
2016-10-04 17:55:06.035651503Z,2832.050336
2016-10-04 17:55:04.513417215Z,4354.428192
2016-10-04 17:55:05.166025375Z,3708.113872
2016-10-04 17:55:05.594528255Z,3279.889456
2016-10-04 17:55:05.058352863Z,3819.430816
2016-10-04 17:55:05.594598735Z,3283.26696
2016-10-04 17:55:05.763556543Z,3138.6364
2016-10-04 17:55:06.125512495Z,2776.940208
2016-10-04 17:55:05.594551167Z,3313.363312
2016-10-04 17:55:05.594571791Z,3316.998528
2016-10-04 17:55:05.192317103Z,3719.333152
2016-10-04 17:55:05.745120655Z,3166.56744
2016-10-04 17:55:05.613556543Z,3298.168848
2016-10-04 17:55:05.608556543Z,3303.204512
2016-10-04 17:55:05.623556543Z,3288.291248
2016-10-04 17:55:05.594671135Z,3317.214464
2016-10-04 17:55:05.594668847Z,3317.250544
2016-10-04 17:55:05.721537375Z,3190.44088
2016-10-04 17:55:04.538553487Z,4373.629824
2016-10-04 17:55:05.594548943Z,3329.814304
2016-10-04 17:55:05.896861455Z,3047.277584
2016-10-04 17:55:05.594578527Z,3349.853296
2016-10-04 17:55:05.594594319Z,3349.85544
2016-10-04 17:55:05.594659823Z,3359.226032
2016-10-04 17:55:05.721546175Z,3232.631264
2016-10-04 17:55:05.721568767Z,3233.51504
2016-10-04 17:55:06.125515183Z,2830.392464
2016-10-04 17:55:05.745116271Z,3211.586448
2016-10-04 17:55:05.896846879Z,3060.577824
2016-10-04 17:55:05.594574031Z,3374.57816
2016-10-04 17:55:05.721581839Z,3247.770528
2016-10-04 17:55:05.594518063Z,3375.086096
2016-10-04 17:55:05.721541839Z,3248.173152
2016-10-04 17:55:05.594657471Z,3375.500944
2016-10-04 17:55:05.165993823Z,3804.287072
2016-10-04 17:55:05.594589823Z,3375.819728
2016-10-04 17:55:05.594611983Z,3375.895568
2016-10-04 17:55:05.896859135Z,3073.852608
2016-10-04 17:55:05.896822383Z,3073.92584
2016-10-04 17:55:05.594623375Z,3376.159152
2016-10-04 17:55:05.896854207Z,3073.97256
2016-10-04 17:55:05.953877295Z,3016.983584
2016-10-04 17:55:05.896817391Z,3074.091216
2016-10-04 17:55:05.896814575Z,3074.286032
2016-10-04 17:55:05.906225599Z,3064.921232
2016-10-04 17:55:05.594655263Z,3376.966768
2016-10-04 17:55:05.896827359Z,3074.976832
2016-10-04 17:55:05.594673711Z,3377.173024
2016-10-04 17:55:05.594689503Z,3377.382192
2016-10-04 17:55:06.086461503Z,2885.651088
2016-10-04 17:55:05.721564351Z,3250.923808
2016-10-04 17:55:05.753556543Z,3219.117696
2016-10-04 17:55:05.594675919Z,3378.037888
2016-10-04 17:55:06.508556543Z,2464.381216
2016-10-04 17:55:06.002787807Z,2970.18776
2016-10-04 17:55:05.594596559Z,3378.849008
2016-10-04 17:55:05.594587615Z,3379.141152
2016-10-04 17:55:05.594535231Z,3379.23712
2016-10-04 17:55:05.721550559Z,3252.262512
2016-10-04 17:55:05.166013999Z,3814.861088
2016-10-04 17:55:05.721532223Z,3259.480672
2016-10-04 17:55:05.745112015Z,3235.93936
2016-10-04 17:55:05.594650719Z,3386.463792
2016-10-04 17:55:04.624225519Z,4357.140672
2016-10-04 17:55:06.002792543Z,2978.769456
2016-10-04 17:55:05.598556543Z,3395.147552
2016-10-04 17:55:05.919977711Z,3073.927808
2016-10-04 17:55:05.758556543Z,3236.494144
2016-10-04 17:55:05.650913599Z,3348.219424
2016-10-04 17:55:05.721526911Z,3353.399312
2016-10-04 17:55:05.594544495Z,3481.586528
2016-10-04 17:55:06.199260911Z,2880.491856
2016-10-04 17:55:06.161807151Z,2927.713296
2016-10-04 17:55:06.579820079Z,2511.007664
2016-10-04 17:55:06.086439359Z,3005.32912
2016-10-04 17:55:06.579822607Z,2512.79216
2016-10-04 17:55:04.890298351Z,4203.12944
2016-10-04 17:55:06.852460959Z,2241.78752
2016-10-04 17:55:06.125509183Z,2969.619984
2016-10-04 17:55:06.852298703Z,2243.657584
2016-10-04 17:55:06.413556543Z,2683.257808
2016-10-04 17:55:06.161803935Z,2935.872112
2016-10-04 17:55:06.002779823Z,3095.756496
2016-10-04 17:55:06.852456975Z,2246.908032
2016-10-04 17:55:06.541241839Z,2558.80976
2016-10-04 17:55:06.108556543Z,2991.800736
2016-10-04 17:55:05.953883647Z,3147.036304
2016-10-04 17:55:06.458556543Z,2642.63904
2016-10-04 17:55:06.086448495Z,3015.156272
2016-10-04 17:55:06.852350399Z,2249.652896
2016-10-04 17:55:05.953870431Z,3148.567552
2016-10-04 17:55:05.896863855Z,3230.50776
2016-10-04 17:55:05.774285423Z,3353.395888
2016-10-04 17:55:05.721577503Z,3406.44992
2016-10-04 17:55:06.199268575Z,2929.11608
2016-10-04 17:55:05.745107439Z,3383.727424
2016-10-04 17:55:06.541247775Z,2587.942928
2016-10-04 17:55:06.543556543Z,2585.868128
2016-10-04 17:55:05.723556543Z,3426.812928
2016-10-04 17:55:05.748556543Z,3402.10928
2016-10-04 17:55:05.778556543Z,3372.348816
2016-10-04 17:55:04.597875471Z,4553.359744
2016-10-04 17:55:05.783556543Z,3367.842976
2016-10-04 17:55:05.896819839Z,3254.747424
2016-10-04 17:55:05.908556543Z,3243.241424
2016-10-04 17:55:05.896841807Z,3255.223776
2016-10-04 17:55:06.161813519Z,2998.847056
2016-10-04 17:55:05.953874191Z,3207.974864
2016-10-04 17:55:05.896837023Z,3265.891936
2016-10-04 17:55:05.923556543Z,3240.08
2016-10-04 17:55:06.163556543Z,3000.94032
2016-10-04 17:55:05.919983071Z,3245.361376
2016-10-04 17:55:06.464022335Z,2702.448144
2016-10-04 17:55:06.106931391Z,3060.388336
2016-10-04 17:55:05.594614191Z,3573.507088
2016-10-04 17:55:05.594666559Z,3574.125824
2016-10-04 17:55:06.168556543Z,3001.937712
2016-10-04 17:55:05.594600895Z,3576.303232
2016-10-04 17:55:06.423556543Z,2778.508272
2016-10-04 17:55:05.594625663Z,3643.270336
2016-10-04 17:55:06.541252751Z,2696.829232
2016-10-04 17:55:06.038556543Z,3200.386048
2016-10-04 17:55:06.002794975Z,3236.965296
2016-10-04 17:55:06.215971471Z,3024.580544
2016-10-04 17:55:05.896839391Z,3344.957008
2016-10-04 17:55:06.199271935Z,3044.04176
2016-10-04 17:55:06.002797247Z,3240.984352
2016-10-04 17:55:06.503556543Z,2747.58024
2016-10-04 17:55:05.896811007Z,3354.88696
2016-10-04 17:55:06.086469711Z,3171.888224
2016-10-04 17:55:06.088556543Z,3171.359792
2016-10-04 17:55:04.890091839Z,4386.502656
2016-10-04 17:55:06.236568255Z,3040.281968
2016-10-04 17:55:06.493560031Z,2794.947824
2016-10-04 17:55:06.852257183Z,2464.355328
2016-10-04 17:55:06.852304095Z,2480.785584
2016-10-04 17:55:06.852355807Z,2493.497472
2016-10-04 17:55:06.852335471Z,2493.792688
2016-10-04 17:55:06.218556543Z,3127.817072
2016-10-04 17:55:04.513407839Z,4833.294304
2016-10-04 17:55:06.263556543Z,3083.264224
2016-10-04 17:55:05.896849327Z,3462.827488
2016-10-04 17:55:06.086465455Z,3273.353872
2016-10-04 17:55:06.433556543Z,2932.920032
2016-10-04 17:55:06.023556543Z,3345.345712
2016-10-04 17:55:06.035646031Z,3334.435664
2016-10-04 17:55:06.002785327Z,3368.136864
2016-10-04 17:55:06.002790159Z,3368.977872
2016-10-04 17:55:06.086457343Z,3286.39048
2016-10-04 17:55:06.852452767Z,2521.201312
2016-10-04 17:55:05.594664303Z,3794.53504
2016-10-04 17:55:06.852370031Z,2536.949312
2016-10-04 17:55:05.650928111Z,3738.480432
2016-10-04 17:55:06.254031967Z,3160.818656
2016-10-04 17:55:06.513556543Z,2901.651616
2016-10-04 17:55:06.308556543Z,3127.37488
2016-10-04 17:55:06.852481743Z,2585.60328
2016-10-04 17:55:06.161810527Z,3292.640816
2016-10-04 17:55:06.852365503Z,2602.488304
2016-10-04 17:55:06.293556543Z,3161.924112
2016-10-04 17:55:06.852273007Z,2603.69032
2016-10-04 17:55:05.594678255Z,3861.584624
2016-10-04 17:55:06.403556543Z,3053.079632
2016-10-04 17:55:06.236574671Z,3220.14568
2016-10-04 17:55:06.579817007Z,2876.963744
2016-10-04 17:55:06.579827567Z,2877.186096
2016-10-04 17:55:05.953880559Z,3503.477472
2016-10-04 17:55:05.594605343Z,3862.966752
2016-10-04 17:55:06.852330159Z,2612.042384
2016-10-04 17:55:05.953886687Z,3510.631456
2016-10-04 17:55:06.106924367Z,3357.80352
2016-10-04 17:55:06.852361007Z,2614.165584
2016-10-04 17:55:06.852396623Z,2614.368064
2016-10-04 17:55:05.594648431Z,3885.421344
2016-10-04 17:55:06.852293855Z,2643.105088
2016-10-04 17:55:06.852319807Z,2650.5816
2016-10-04 17:55:06.583556543Z,2927.914224
2016-10-04 17:55:05.650918847Z,3861.740048
2016-10-04 17:55:05.653556543Z,3859.227616
2016-10-04 17:55:06.177690943Z,3335.257472
2016-10-04 17:55:06.852251951Z,2668.36288
2016-10-04 17:55:07.211190463Z,2309.730272
2016-10-04 17:55:05.594653007Z,3926.534976
2016-10-04 17:55:06.523556543Z,2998.159424
2016-10-04 17:55:06.579825151Z,2942.169424
2016-10-04 17:55:06.579830079Z,2943.065984
2016-10-04 17:55:05.594639327Z,3934.432752
2016-10-04 17:55:05.898556543Z,3631.9324
2016-10-04 17:55:05.774289903Z,3759.748288
2016-10-04 17:55:06.521049663Z,3013.132752
2016-10-04 17:55:05.594696543Z,3942.909952
2016-10-04 17:55:05.165968559Z,4401.427792
2016-10-04 17:55:05.166022543Z,4403.53376
2016-10-04 17:55:06.852278191Z,2718.037968
2016-10-04 17:55:05.594682735Z,3976.356048
2016-10-04 17:55:06.283556543Z,3288.864656
2016-10-04 17:55:06.161800079Z,3417.577616
2016-10-04 17:55:06.852440031Z,2744.15112
2016-10-04 17:55:07.211194751Z,2391.010624
2016-10-04 17:55:06.106928063Z,3495.398112
2016-10-04 17:55:06.852383423Z,2749.981568
2016-10-04 17:55:05.192304175Z,4410.087248
2016-10-04 17:55:06.003556543Z,3598.857584
2016-10-04 17:55:06.408556543Z,3193.881984
2016-10-04 17:55:06.579832511Z,3022.654592
2016-10-04 17:55:04.959562559Z,4671.24608
2016-10-04 17:55:06.852448479Z,2802.62672
2016-10-04 17:55:06.852314367Z,2803.060944
2016-10-04 17:55:06.488556543Z,3167.07448
2016-10-04 17:55:04.548556543Z,5111.47456
2016-10-04 17:55:06.363556543Z,3318.63808
2016-10-04 17:55:05.896851743Z,3785.694432
2016-10-04 17:55:05.896834575Z,3785.89472
2016-10-04 17:55:06.852379071Z,2860.274544
2016-10-04 17:55:07.211107487Z,2506.843536
2016-10-04 17:55:06.852267871Z,2865.864272
2016-10-04 17:55:07.211199247Z,2552.299904
2016-10-04 17:55:05.896844127Z,3907.340752
2016-10-04 17:55:06.486877343Z,3354.300336
2016-10-04 17:55:06.043556543Z,3797.838656
2016-10-04 17:55:07.211404415Z,2630.166544
2016-10-04 17:55:07.211255503Z,2642.81152
2016-10-04 17:55:06.321240383Z,3533.071424
2016-10-04 17:55:06.333556543Z,3521.07776
2016-10-04 17:55:06.498556543Z,3369.78304
2016-10-04 17:55:06.018951023Z,3863.526288
2016-10-04 17:55:07.211078335Z,2671.669328
2016-10-04 17:55:06.273556543Z,3620.699648
2016-10-04 17:55:06.852392511Z,3041.901632
2016-10-04 17:55:06.002782815Z,3891.972912
2016-10-04 17:55:06.279379855Z,3622.446576
2016-10-04 17:55:06.428556543Z,3481.70024
2016-10-04 17:55:06.852489791Z,3067.645024
2016-10-04 17:55:07.211120431Z,2722.693024
2016-10-04 17:55:06.203556543Z,3742.727328
2016-10-04 17:55:06.852464895Z,3096.131632
2016-10-04 17:55:06.358556543Z,3597.489392
2016-10-04 17:55:06.248556543Z,3709.3056
2016-10-04 17:55:06.852427119Z,3105.638384
2016-10-04 17:55:06.852340495Z,3108.740624
2016-10-04 17:55:07.211125343Z,2751.886784
2016-10-04 17:55:07.211245663Z,2765.819328
2016-10-04 17:55:06.852262431Z,3124.945456
2016-10-04 17:55:07.211152895Z,2770.448992
2016-10-04 17:55:05.896829791Z,4087.0196
2016-10-04 17:55:07.211130031Z,2773.129728
2016-10-04 17:55:07.211083791Z,2774.536944
2016-10-04 17:55:06.852469007Z,3135.367776
2016-10-04 17:55:06.258556543Z,3731.191056
2016-10-04 17:55:06.852345551Z,3161.30968
2016-10-04 17:55:06.353556543Z,3660.246912
2016-10-04 17:55:06.343556543Z,3675.968112
2016-10-04 17:55:06.128556543Z,3893.176864
2016-10-04 17:55:06.398647599Z,3623.133712
2016-10-04 17:55:06.438556543Z,3583.439024
2016-10-04 17:55:06.321237279Z,3700.809424
2016-10-04 17:55:07.211203999Z,2813.842256
2016-10-04 17:55:06.852405039Z,3173.1072
2016-10-04 17:55:07.211376223Z,2818.984288
2016-10-04 17:55:06.852374511Z,3178.060224
2016-10-04 17:55:07.211138783Z,2819.619232
2016-10-04 17:55:06.852477567Z,3178.349776
2016-10-04 17:55:06.486882975Z,3547.95752
2016-10-04 17:55:07.211185551Z,2823.88968
2016-10-04 17:55:07.211259983Z,2824.519728
2016-10-04 17:55:06.852485663Z,3183.89768
2016-10-04 17:55:07.211287183Z,2905.660848
2016-10-04 17:55:07.211097919Z,2907.480864
2016-10-04 17:55:06.161816607Z,3957.696992
2016-10-04 17:55:06.852283647Z,3267.238272
2016-10-04 17:55:07.211166975Z,2908.528864
2016-10-04 17:55:07.211395183Z,2908.337216
2016-10-04 17:55:05.896832175Z,4222.983328
2016-10-04 17:55:06.236580463Z,3883.24936
2016-10-04 17:55:07.211157295Z,2908.736032
2016-10-04 17:55:06.853556543Z,3266.399008
2016-10-04 17:55:06.018948015Z,4143.874784
2016-10-04 17:55:06.852388175Z,3310.476784
2016-10-04 17:55:07.213556543Z,3005.420272
2016-10-04 17:55:07.211227391Z,3021.577136
2016-10-04 17:55:06.419994911Z,3814.163232
2016-10-04 17:55:06.298631183Z,3935.933152
2016-10-04 17:55:04.613556543Z,5626.559792
2016-10-04 17:55:07.211143359Z,3033.77832
2016-10-04 17:55:06.398657583Z,3848.545136
2016-10-04 17:55:07.327599551Z,2922.754848
2016-10-04 17:55:07.211241407Z,3043.326672
2016-10-04 17:55:06.468556543Z,3787.482672
2016-10-04 17:55:07.211209039Z,3045.3368
2016-10-04 17:55:07.211213871Z,3047.993664
2016-10-04 17:55:06.852444303Z,3408.32376
2016-10-04 17:55:07.327592399Z,2938.477856
2016-10-04 17:55:07.211116239Z,3056.879072
2016-10-04 17:55:06.338556543Z,3930.93928
2016-10-04 17:55:06.018953871Z,4255.41664
2016-10-04 17:55:06.238556543Z,4037.310832
2016-10-04 17:55:06.199265007Z,4080.263392
2016-10-04 17:55:06.486887775Z,3815.530528
2016-10-04 17:55:07.211399919Z,3097.988864
2016-10-04 17:55:06.288556543Z,4032.206576
2016-10-04 17:55:07.211088719Z,3113.902384
2016-10-04 17:55:07.211334607Z,3115.166736
2016-10-04 17:55:07.327574495Z,3004.100752
2016-10-04 17:55:07.211371167Z,3139.940528
2016-10-04 17:55:07.211218287Z,3148.39224
2016-10-04 17:55:07.211315679Z,3148.340976
2016-10-04 17:55:05.896824799Z,4465.036176
2016-10-04 17:55:06.852324927Z,3510.992464
2016-10-04 17:55:06.450068335Z,3918.480736
2016-10-04 17:55:07.327582703Z,3046.30952
2016-10-04 17:55:07.211112143Z,3163.013712
2016-10-04 17:55:06.852400751Z,3531.35704
2016-10-04 17:55:06.852309263Z,3534.720624
2016-10-04 17:55:07.211264543Z,3176.965888
2016-10-04 17:55:07.211148111Z,3180.758752
2016-10-04 17:55:07.211366207Z,3193.970096
2016-10-04 17:55:07.327580127Z,3088.242864
2016-10-04 17:55:06.852409295Z,3564.21448
2016-10-04 17:55:06.323556543Z,4102.115984
2016-10-04 17:55:07.211093631Z,3215.228832
2016-10-04 17:55:06.852435455Z,3574.026288
2016-10-04 17:55:06.388085839Z,4039.828928
2016-10-04 17:55:07.211278367Z,3223.412896
2016-10-04 17:55:06.852418239Z,3592.199088
2016-10-04 17:55:07.327604207Z,3117.80016
2016-10-04 17:55:07.211361871Z,3240.87248
2016-10-04 17:55:06.453556543Z,4000.259984
2016-10-04 17:55:07.211102607Z,3244.736032
2016-10-04 17:55:06.398644335Z,4058.612864
2016-10-04 17:55:06.268556543Z,4192.468928
2016-10-04 17:55:07.211222783Z,3257.61624
2016-10-04 17:55:06.348556543Z,4122.788768
2016-10-04 17:55:07.211390623Z,3274.83904
2016-10-04 17:55:06.215968463Z,4279.834064
2016-10-04 17:55:06.303556543Z,4192.89792
2016-10-04 17:55:07.211385423Z,3296.740352
2016-10-04 17:55:07.327594863Z,3182.58152
2016-10-04 17:55:07.211311135Z,3302.567664
2016-10-04 17:55:07.211292239Z,3306.366528
2016-10-04 17:55:07.211338879Z,3308.360592
2016-10-04 17:55:07.211348271Z,3309.896352
2016-10-04 17:55:07.211250719Z,3311.250544
2016-10-04 17:55:07.211343503Z,3315.067488
2016-10-04 17:55:07.211236415Z,3318.571376
2016-10-04 17:55:07.211329951Z,3333.504224
2016-10-04 17:55:07.211282959Z,3333.812928
2016-10-04 17:55:07.327577519Z,3219.74744
2016-10-04 17:55:06.388082431Z,4178.363808
2016-10-04 17:55:07.211306383Z,3362.679216
2016-10-04 17:55:06.852422735Z,3728.098288
2016-10-04 17:55:06.852473167Z,3728.256544
2016-10-04 17:55:06.086444127Z,4506.421264
2016-10-04 17:55:06.852431263Z,3740.810256
2016-10-04 17:55:07.327601967Z,3271.326288
2016-10-04 17:55:07.211161871Z,3388.756096
2016-10-04 17:55:06.852288735Z,3762.327728
2016-10-04 17:55:06.398653247Z,4216.73576
2016-10-04 17:55:07.211352591Z,3405.01152
2016-10-04 17:55:07.211301663Z,3405.698528
2016-10-04 17:55:07.211171903Z,3405.936432
2016-10-04 17:55:07.211269391Z,3405.899776
2016-10-04 17:55:07.327585263Z,3301.797312
2016-10-04 17:55:06.245893343Z,4384.121056
2016-10-04 17:55:07.211134799Z,3419.314592
2016-10-04 17:55:06.852245759Z,3778.280896
2016-10-04 17:55:06.178556543Z,4461.468448
2016-10-04 17:55:07.211325471Z,3435.258864
2016-10-04 17:55:06.450071295Z,4197.069744
2016-10-04 17:55:07.211297071Z,3437.8876
2016-10-04 17:55:06.852413823Z,3796.969152
2016-10-04 17:55:07.327597183Z,3326.354256
2016-10-04 17:55:07.211176223Z,3442.966016
2016-10-04 17:55:06.328632431Z,4333.230928
2016-10-04 17:55:07.327587631Z,3334.375536
2016-10-04 17:55:07.211231743Z,3476.895968
2016-10-04 17:55:07.211274015Z,3480.084608
2016-10-04 17:55:07.211381023Z,3522.843856
2016-10-04 17:55:07.211320719Z,3551.376176
2016-10-04 17:55:07.211180719Z,3583.71624
2016-10-04 17:55:07.211357295Z,3603.231136
2016-10-04 17:55:07.327590031Z,3489.593776
2016-10-04 17:55:06.398650175Z,4427.407136