"Time","Mule Latency"
1475181385443268934,200315580
1475181385543268934,100703320
1475181385643268934,59533382
1475181385743268934,103872276
1475181385843268934,40538399
1475181385943268934,106976507
1475181385343269204,745524755
1475181386043268934,78961981
1475181386143268934,122529055
1475181386243268934,54256389
1475181386343268934,91640057
1475181386443268934,49325821
1475181386543268934,144682274
1475181386643268934,45509315
1475181386743268934,33638465
1475181386843268934,39453609
1475181386943268934,136072106
1475181387143268934,43455096
1475181387243268934,49705070
1475181387343268934,34793531
1475181387043268934,374343092
1475181387443268934,87669662
1475181387543268934,106807264
1475181387643268934,53289509
1475181387743268934,90076452
1475181387843268934,100665738
1475181387943268934,91570940
1475181388043268934,36100500
1475181388143268934,82425229 
1475181388243268934,74543147
1475181388343268934,60824257
1475181388443268934,43145047
1475181388543268934,45422465
1475181388643268934,57260967
1475181388743268934,54264030
1475181388843268934,42352496
1475181388943268934,42517168
1475181389043268934,48433433
1475181389143268934,39906941
1475181389243268934,32125506
1475181389343268934,132432762
1475181389443268934,70119320
1475181389543268934,34176089
1475181389643268934,61538435
1475181389743268934,34796677
1475181389843268934,54511979
1475181389943268934,27881689
1475181390043268934,74522078
1475181390143268934,89193742
1475181390243268934,42992780
1475181390343268934,66064720
1475181390443268934,84645648
1475181390543268934,44214889
1475181390643268934,53794350
1475181390743268934,75921476
1475181390843268934,27412176
1475181391043268934,105512122
1475181391143268934,46058620
1475181391243268934,29997149
1475181390943268934,465405252
1475181391343268934,70857547
1475181391443268934,32653869
1475181391543268934,56115404
1475181391643268934,47836753
1475181391743268934,47045391
1475181391843268934,49825141
1475181391943268934,33503946
1475181392043268934,49381513
1475181392143268934,50610644
1475181392243268934,30265826
1475181392343268934,26488181
1475181392443268934,37032964
1475181392543268934,42865489
1475181392643268934,48504493
1475181392743268934,32330763
1475181392843268934,58757583
1475181392943268934,104183179
1475181393043268934,27018273
1475181393143268934,55734765
1475181393243268934,42945903
1475181393343268934,29781779
1475181393443268934,50348935
1475181393543268934,47598982
1475181393643268934,116744704
1475181393743268934,29408108
1475181393843268934,66171915
1475181393943268934,43577401
1475181394043268934,97863887
1475181394143268934,33167289
1475181394243268934,120207714
1475181394343268934,28360753
1475181394443268934,30525205
1475181394543268934,51491138
1475181394643268934,86607959
1475181394843268934,47155624
1475181394743268934,157828663
1475181394943268934,29947236
1475181395043268934,30994975
1475181395143268934,28784752
1475181395243268934,107126226
1475181395343268934,150845261
1475181395443268934,63848477
1475181395643268934,34009071
1475181395543268934,167672480
1475181395843268934,52385869
1475181395743268934,209224523
1475181395943268934,46207764
1475181396043268934,45881867
1475181396143268934,31796421
1475181396243268934,28833382
1475181396343268934,45173999
1475181396443268934,29435240
1475181396543268934,33536702
1475181396643268934,35419520
1475181396743268934,91861228
1475181396843268934,29075219
1475181396943268934,54788862
1475181397043268934,58361349
1475181397143268934,61399893
1475181397243268934,42294431
1475181397343268934,70774361
1475181397443268934,42998983
1475181397543268934,26373030
1475181397643268934,144947920
1475181397743268934,65621093
1475181397843268934,51572906
1475181397943268934,48481966
1475181398043268934,28931158
1475181398243268934,35848800
1475181398143268934,148588828
1475181398343268934,34287915
1475181398443268934,41718021
1475181398643268934,28436481
1475181398543268934,143872228
1475181398743268934,50856493
1475181398843268934,74383377
1475181398943268934,28311125
1475181399043268934,30893159
1475181399143268934,28271738
1475181399243268934,27221149
1475181399343268934,57440890
1475181399543268934,84113241
1475181399443268934,203842447
1475181399643268934,66507083
1475181399743268934,44259806
1475181399843268934,32503043
1475181399943268934,46247995
1475181400043268934,62725677
1475181400143268934,28964767
1475181400243268934,42434221
1475181400343268934,27091096
1475181400443268934,28852621
1475181400543268934,88817882
1475181400643268934,26015512
1475181400743268934,85658802
1475181400843268934,81903955
1475181400943268934,103882448
1475181401043268934,26766516
1475181401143268934,30434539
1475181401243268934,95329716
1475181401343268934,76910128
1475181401443268934,47250633
1475181401643268934,27892504
1475181401543268934,143223988
1475181401843268934,37441428
1475181401943268934,36519277
1475181402043268934,47769936
1475181401743268934,379005093
1475181402143268934,64893342
1475181402243268934,30779098
1475181402343268934,28058634
1475181402543268934,53266511
1475181402643268934,87948906
1475181402743268934,33047227
1475181402443268934,386311796
1475181402843268934,51343511
1475181402943268934,62956927
1475181403043268934,44970117
1475181403143268934,30150396
1475181403243268934,73135685
1475181403343268934,43662135
1475181403443268934,67466780
1475181403543268934,30249748
1475181403643268934,30117534
1475181403743268934,184082548
1475181403943268934,49311184
1475181404043268934,44713705
1475181404143268934,51478749
1475181404243268934,94473014
1475181404443268934,102167809
1475181404543268934,99733791
1475181403843268934,829670918
1475181404643268934,35961495
1475181404743268934,72340177
1475181404343268934,503918095
1475181404843268934,48688264
1475181405043268934,30054353
1475181405143268934,44197033
1475181404943268934,258989671
1475181405243268934,37753880
1475181405343268934,62990595
1475181405443268934,30967805
1475181405543268934,71969306
1475181405643268934,153827808
1475181405743268934,101781389
1475181405843268934,120520814
1475181405943268934,40989523
1475181406043268934,40593849
1475181406143268934,154953864
1475181406243268934,60739273
1475181406343268934,29321863
1475181406443268934,84728920
1475181406543268934,33191185
1475181406743268934,56910668
1475181406843268934,40547482
1475181406643268934,300636807
1475181406943268934,28984825
1475181407043268934,29974893
1475181407143268934,35123600
1475181407243268934,34418469
1475181407343268934,38148914
1475181407443268934,32638327
1475181407543268934,31452861
1475181407643268934,52632257
1475181407743268934,31553636
1475181407943268934,28612485
1475181408043268934,63744649
1475181407843268934,285613242
1475181408143268934,60586838
1475181408243268934,97668121
1475181408343268934,41255154
1475181408443268934,34417777
1475181408543268934,55851715
1475181408643268934,73536105
1475181408843268934,46890620
1475181408743268934,150447700
1475181408943268934,112324147
1475181409043268934,28391714
1475181409143268934,52979373
1475181409243268934,33559758
1475181409343268934,46244025
1475181409443268934,43002000
1475181409543268934,118271561
1475181409643268934,36455320
1475181409743268934,33197580
1475181409843268934,29475287
1475181409943268934,44629888
1475181410043268934,102312530
1475181410143268934,32646020
1475181410243268934,77087308
1475181410343268934,311556995
1475181410543268934,127082591
1475181410443268934,259327528
1475181410643268934,89355113
1475181410743268934,28791475
1475181410843268934,30368207
1475181410943268934,30315364
1475181411043268934,31748452
1475181411143268934,53266880
1475181411243268934,27770117
1475181411443268934,132347062
1475181411543268934,107535425
1475181411343268934,320468646
1475181411643268934,74103335
1475181411743268934,74538389
1475181411843268934,38290345
1475181411943268934,51901725
1475181412043268934,139981244
1475181412143268934,87726248
1475181412243268934,31119579
1475181412343268934,42776911
1475181412443268934,204615798
1475181412643268934,35209450
1475181412543268934,168663443
1475181412743268934,32916409
1475181412843268934,52902435
1475181412943268934,28867981
1475181413043268934,30807570
1475181413143268934,110012329
1475181413243268934,46946972
1475181413343268934,49797678
1475181413543268934,41291647
1475181413643268934,48296915
1475181413443268934,297474717
1475181413743268934,52320529
1475181413843268934,51510705
1475181413943268934,62750595
1475181414043268934,35142696
1475181414143268934,150025264
1475181414243268934,65563362
1475181414343268934,99989916
1475181414443268934,31951284
1475181414543268934,63473050
1475181414643268934,36291596
1475181414743268934,29245223
1475181414843268934,29837675
1475181414943268934,74841973
1475181415043268934,41718257
1475181415143268934,34091942
1475181415543268934,52950910
1475181415443268934,153537932
1475181415243268934,381029891
1475181415343268934,281707579
1475181415643268934,113199034
1475181415743268934,144562109
1475181415843268934,154741823
1475181415943268934,66868676
1475181416043268934,29012430
1475181416143268934,31517352
1475181416243268934,61175925
1475181416343268934,55811179
1475181416443268934,64617821
1475181416543268934,33476331
1475181416743268934,58100782
1475181416643268934,220232580
1475181416843268934,62282921
1475181416943268934,31446574
1475181417143268934,51464921
1475181417043268934,184425816
1475181417243268934,32325688
1475181417343268934,48778029
1475181417443268934,58305818
1475181417643268934,38744873
1475181417543268934,142065368
1475181417743268934,33479443
1475181417843268934,50189603
1475181417943268934,34471280
1475181418043268934,113755381
1475181418143268934,64279690
1475181418243268934,59560222
1475181418343268934,32447811
1475181418543268934,91310580
1475181418443268934,197814265
1475181418643268934,76047834
1475181418743268934,92655837
1475181418843268934,45430973
1475181418943268934,79966685
1475181419043268934,86191746
1475181419143268934,72599611
1475181419243268934,106855952
1475181419343268934,52351835
1475181419443268934,38924416
1475181419543268934,102104454
1475181419643268934,35615167
1475181419743268934,44325904
1475181419943268934,30809412
1475181419843268934,212637395
1475181420043268934,168576582
1475181420243268934,62895113
1475181420343268934,33879538
1475181420443268934,79158523
1475181420143268934,430736922
1475181420543268934,73158776
1475181420643268934,40115662
1475181420743268934,61163450
1475181420843268934,32673783
1475181420943268934,60148838
1475181421043268934,28853225
1475181421243268934,53021796
1475181421143268934,173903299
1475181421443268934,32075568
1475181421543268934,25015829
1475181421343268934,335841750
1475181421643268934,55807754
1475181421743268934,42302119
1475181421843268934,26352734
1475181421943268934,46844913
1475181422043268934,52153356
1475181422143268934,105561697
1475181422243268934,30797641
1475181422443268934,26947847
1475181422343268934,127397841
1475181422643268934,38924675
1475181422543268934,189448228
1475181422743268934,29633852
1475181422843268934,51506509
1475181422943268934,27507688
1475181423143268934,54561358
1475181423043268934,174057719
1475181423243268934,81402349
1475181423343268934,52444700
1475181423543268934,25824497
1475181423443268934,134666974
1475181423643268934,29187394
1475181423743268934,83089705
1475181423843268934,39339795
1475181423943268934,94138910
1475181424043268934,92162293
1475181424143268934,31192089
1475181424243268934,36482030
1475181424343268934,45902289
1475181424443268934,57057901
1475181424543268934,58481929
1475181424743268934,89186963
1475181424843268934,29611837
1475181424943268934,50923655
1475181425043268934,37170943
1475181425143268934,97177245
1475181425243268934,95809146
1475181425343268934,47568465
1475181425443268934,69974107
1475181425543268934,50759381
1475181424643268934,963146093
1475181425643268934,32543391
1475181425743268934,31451966
1475181425843268934,100266772
1475181425943268934,83110480
1475181426043268934,142651080
1475181426143268934,192697512
1475181426343268934,38724081
1475181426243268934,183840977
1475181426443268934,120792986
1475181426543268934,27769452
1475181426643268934,95418547
1475181426743268934,31503550
1475181426843268934,71645592
1475181426943268934,121804638
1475181427043268934,68839880
1475181427143268934,25382685
1475181427243268934,25375899
1475181427343268934,39509850
1475181427443268934,33684635
1475181427543268934,43560164
1475181427643268934,104505980
1475181427743268934,50332979
1475181427843268934,26910065
1475181427943268934,28001605
1475181428043268934,43387806
1475181428143268934,45006505
1475181428243268934,37847640
1475181428343268934,114429141
1475181428443268934,62939733
1475181428543268934,42361454
1475181428643268934,30613420
1475181428743268934,45076861
1475181428843268934,26283906
1475181428943268934,46432823
1475181429043268934,46662834
1475181429143268934,21203050
1475181429243268934,48607633
1475181429443268934,56696197
1475181429543268934,35419832
1475181429343268934,247347366
1475181429643268934,44382686
1475181429743268934,46598044
1475181429843268934,29429819
1475181429943268934,73422579
1475181430043268934,133391460
1475181430143268934,36008485
1475181430243268934,66917892
1475181430343268934,34290837
1475181430443268934,51278532
1475181430543268934,27188307
1475181430643268934,116544397
1475181430743268934,36941826
1475181430843268934,48790312
1475181430943268934,46905137
1475181431043268934,25395449
1475181431143268934,123739514
1475181431243268934,69898941
1475181431343268934,50659284
1475181431443268934,26017805
1475181431543268934,66873881
1475181431743268934,71498266
1475181431843268934,27364460
1475181431943268934,29304643
1475181432043268934,26303746
1475181431643268934,516340290
1475181432143268934,53958264
1475181432243268934,32534960
1475181432343268934,102909869
1475181432443268934,69666307
1475181432543268934,50446179
1475181432743268934,35253975
1475181432843268934,42960814
1475181432943268934,25245652
1475181433043268934,40434073
1475181433143268934,41452688
1475181432643268934,547397427
1475181433243268934,31412345
1475181433343268934,105996363
1475181433443268934,132601375
1475181433543268934,62505208
1475181433643268934,33042067
1475181433743268934,121409166
1475181433843268934,27452226
1475181433943268934,55595119
1475181434043268934,31520428
1475181434143268934,44936349
1475181434243268934,48904773
1475181434343268934,94628576
1475181434443268934,111198665
1475181434543268934,37204256
1475181434643268934,124535304
1475181434743268934,27684522
1475181434843268934,29245575
1475181434943268934,28431139
1475181435043268934,26601734
1475181435143268934,51266326
1475181435243268934,27308684
1475181435343268934,117231913
1475181435443268934,30624062
1475181435543268934,104738082
1475181435643268934,35302950
1475181435743268934,41522824
1475181435843268934,64755114
1475181435943268934,29508272
1475181436043268934,222734164
1475181436143268934,130517467
1475181436243268934,114294311
1475181436343268934,88468178
1475181436443268934,103981488
1475181436643268934,94241440
1475181436743268934,39089489
1475181436543268934,253344014
1475181436843268934,28282689
1475181437043268934,64166804
1475181436943268934,172492550
1475181437143268934,41424973
1475181437243268934,94664158
1475181437443268934,113821319
1475181437543268934,31314000
1475181437643268934,43414783
1475181437743268934,43054576
1475181437843268934,38385748
1475181437343268934,588454540
1475181437943268934,28436335
1475181438043268934,49496477
1475181438243268934,83952574
1475181438143268934,225509297
1475181438343268934,29534760
1475181438443268934,46328344
1475181438543268934,41460922
1475181438643268934,86555968
1475181438743268934,89877971
1475181438843268934,43006330
1475181438943268934,34886428
1475181439043268934,122209000
1475181439143268934,67679223
1475181439243268934,61952059
1475181439343268934,48344788
1475181439443268934,46721022
1475181439543268934,82946425
1475181439643268934,28800386
1475181439743268934,25630194
1475181439843268934,73346242
1475181439943268934,23743919
1475181440043268934,46617259
1475181440143268934,64055453
1475181440243268934,41148374
1475181440343268934,61423480
1475181440443268934,46772217
1475181440543268934,40608300
1475181440643268934,42621300
1475181440743268934,66760391
1475181440843268934,57459402
1475181441043268934,65859238
1475181440943268934,214613327
1475181441143268934,27196846
1475181441243268934,40127589
1475181441343268934,26642345
1475181441443268934,93598766
1475181441543268934,39647294
1475181441643268934,32786615
1475181441743268934,24055566
1475181441843268934,85915641
1475181441943268934,34185919
1475181442043268934,43642893
1475181442243268934,134469499
1475181442343268934,46172101
1475181442143268934,354199024
1475181442443268934,91683033
1475181442543268934,52554682
1475181442643268934,90147950
1475181442743268934,25837049
1475181442843268934,50144189
1475181442943268934,25658778
1475181443043268934,108522992
1475181443143268934,56727295
1475181443243268934,84074478
1475181443343268934,23673412
1475181443443268934,54027803
1475181443543268934,43262886
1475181443643268934,37774694
1475181443743268934,38372105
1475181443843268934,24145614
1475181443943268934,57298280
1475181444043268934,24843725
1475181444243268934,63532311
1475181444143268934,169427056
1475181444343268934,25239188
1475181444543268934,43113156
1475181444443268934,201707097
1475181444643268934,85332963
1475181444743268934,25034518
1475181444843268934,23000893
1475181444943268934,24370020
1475181445043268934,35858105
1475181445143268934,43069991
1475181445243268934,25829585
1475181445343268934,47026242
1475181445443268934,93054998
1475181445543268934,27836523
1475181445743268934,26498789
1475181445843268934,29395781
1475181445643268934,276394682
1475181445943268934,27095191
1475181446043268934,102821742
1475181446143268934,32831960
1475181446243268934,41828081
1475181446343268934,40720286
1475181446443268934,40949264
1475181446543268934,37849214
1475181446643268934,45868452
1475181446743268934,87395019
1475181446843268934,41702295
1475181446943268934,26316347
1475181447043268934,65348749
1475181447143268934,110222881
1475181447243268934,34153395
1475181447343268934,58733238
1475181447443268934,43768158
1475181447543268934,35487295
1475181447643268934,88926644
1475181447743268934,56053794
1475181447843268934,69032701
1475181447943268934,79644426
1475181448043268934,57235501
1475181448143268934,25358319
1475181448243268934,58979273
1475181448343268934,76204614
1475181448443268934,26208015
1475181448543268934,33105983
1475181448643268934,51663663
1475181448743268934,26508307
1475181448843268934,29700237
1475181449043268934,46501832
1475181448943268934,148156290
1475181449143268934,28504532
1475181449243268934,32202101
1475181449443268934,32363634
1475181449343268934,148233647
1475181449543268934,27977272
1475181449643268934,69983309
1475181449743268934,26417509
1475181449843268934,28616046
1475181449943268934,33596815
1475181450043268934,120626923
1475181450143268934,27322424
1475181450243268934,55194808
1475181450343268934,42302538
1475181450443268934,29924692
1475181450543268934,56901613
1475181450643268934,65867624
1475181450743268934,88312277
1475181450843268934,63032356
1475181450943268934,161412002
1475181451043268934,112262573
1475181451143268934,63004364
1475181451243268934,37564529
1475181451343268934,67006163
1475181451443268934,49501940
1475181451543268934,29740843
1475181451643268934,50260139
1475181451743268934,128251966
1475181451843268934,36182548
1475181451943268934,57817449
1475181452043268934,144911963
1475181452143268934,48036452
1475181452243268934,54009405
1475181452343268934,79043648
1475181452443268934,77688298
1475181452543268934,43821861
1475181452643268934,26193409
1475181452743268934,58264602
1475181452843268934,138353281
1475181452943268934,54668803
1475181453143268934,48956096
1475181453043268934,199627322
1475181453243268934,22730810
1475181453343268934,28682212
1475181453443268934,72353780
1475181453543268934,55210510
1475181453743268934,50506682
1475181453643268934,175991809
1475181453843268934,29519496
1475181453943268934,91118214
1475181454043268934,26398180
1475181454143268934,51913525
1475181454243268934,52382771
1475181454343268934,29098356
1475181454443268934,75710175
1475181454543268934,51157742
1475181454643268934,45307984
1475181454743268934,124627882
1475181454843268934,30349608
1475181454943268934,33365902
1475181455043268934,159248794
1475181455143268934,110610783
1475181455243268934,28705639
1475181455343268934,33837836
1475181455443268934,74856739
1475181455543268934,45560389
1475181455643268934,44170027
1475181455743268934,36157641
1475181455843268934,50991520
1475181455943268934,88739760
1475181456043268934,121030473
1475181456143268934,31409409
1475181456243268934,63256440
1475181456343268934,56888914
1475181456443268934,51161064
1475181456543268934,39906977
1475181456643268934,29816402
1475181456743268934,86611871
1475181456843268934,106902978
1475181456943268934,25058556
1475181457043268934,44153497
1475181457143268934,51980960
1475181457243268934,44329557
1475181457343268934,29082648
1475181457443268934,65949492
1475181457543268934,312605390
1475181457643268934,314806300
1475181457843268934,168040517
1475181457743268934,273095365
1475181457943268934,74806489
1475181458043268934,28684516
1475181458143268934,49159536
1475181458243268934,76621016
1475181458343268934,59124035
1475181458443268934,32172203
1475181458543268934,50233157
1475181458643268934,28506610
1475181458743268934,33519022
1475181458843268934,43885468
1475181458943268934,26975772
1475181459043268934,60431309
1475181459143268934,64194132
1475181459243268934,65114982
1475181459343268934,36524618
1475181459443268934,29442491
1475181459543268934,69969736
1475181459643268934,55757904
1475181459743268934,130311193
1475181459843268934,46973310
1475181459943268934,27876316
1475181460043268934,29543612
1475181460143268934,109552004
1475181460243268934,58315741
1475181460343268934,42256342
1475181460443268934,49820651
1475181460543268934,30028567
1475181460643268934,28720223
1475181460743268934,61393053
1475181460843268934,40349023
1475181460943268934,29991455
1475181461043268934,29075643
1475181461143268934,26855247
1475181461243268934,26556387
1475181461443268934,42729902
1475181461343268934,165940465
1475181461543268934,63336928
1475181461643268934,24289162
1475181461743268934,29956573
1475181461843268934,50444450
1475181461943268934,61502695
1475181462043268934,37352776
1475181462143268934,85376653
1475181462243268934,31109850
1475181462343268934,24482775
1475181462443268934,48053018
1475181462543268934,25666894
1475181462643268934,104176409
1475181462743268934,29757452
1475181462843268934,70686165
1475181462943268934,43195441
1475181463143268934,25113148
1475181463043268934,129833129
1475181463243268934,43650515
1475181463343268934,22570391
1475181463443268934,24705025
1475181463543268934,27276894
1475181463643268934,62728309
1475181463743268934,25133286
1475181463843268934,45096606
1475181463943268934,74359887
1475181464043268934,27836494
1475181464143268934,23587126
1475181464243268934,25303499
1475181464343268934,68378346
1475181464443268934,58240110
1475181464543268934,25789105
1475181464643268934,32012524
1475181464743268934,24146943
1475181464843268934,24509474
1475181464943268934,64042689
1475181465043268934,58765802
1475181465143268934,23858601
1475181465243268934,23271484
1475181465343268934,26317859
1475181465443268934,35916771
1475181465543268934,62799418
1475181465643268934,28661231
1475181465743268934,25458109
1475181465843268934,37980923
1475181465943268934,76627307
1475181466043268934,73811168
1475181466143268934,38777590
1475181466243268934,50387484
1475181466343268934,74216699
1475181466443268934,24155071
1475181466543268934,60759343
1475181466643268934,25627913
1475181466743268934,55787408
1475181466843268934,47013733
1475181466943268934,24720206
1475181467043268934,34921231
1475181467143268934,52119341
1475181467243268934,81634465
1475181467343268934,50510017
1475181467443268934,59635702
1475181467543268934,40422891
1475181467643268934,61753717
1475181467743268934,33523837
1475181467843268934,24290346
1475181467943268934,58315034
1475181468043268934,42003656
1475181468143268934,44360793
1475181468243268934,37979142
1475181468343268934,27059982
1475181468443268934,31363411
1475181468743268934,137679200
1475181468543268934,452463510
1475181468943268934,309734123
1475181469143268934,112443042
1475181469043268934,230722387
1475181468643268934,667949922
1475181469343268934,115684716
1475181469443268934,24183814
1475181469543268934,45255916
1475181469243268934,385393395
1475181469643268934,59183633
1475181469743268934,29466880
1475181469843268934,51694853
1475181469943268934,41469669
1475181470043268934,149031198
1475181470243268934,130213631
1475181470143268934,235802335
1475181470343268934,35925040
1475181470543268934,131462176
1475181470643268934,37422839
1475181468843268934,1883165169
1475181470743268934,90407560
1475181470843268934,44856079
1475181470943268934,50115062
1475181470443268934,652268372
1475181471043268934,80445495
1475181471143268934,39676340
1475181471243268934,61350563
1475181471343268934,27605024
1475181471443268934,48741792
1475181471543268934,70157967
1475181471643268934,109314738
1475181471743268934,101742328
1475181471843268934,79748267
1475181471943268934,63884921
1475181472043268934,35856424
1475181472143268934,28647407
1475181472243268934,82542358
1475181472343268934,41913914
1475181472443268934,35697353
1475181472543268934,38207741
1475181472643268934,21562066
1475181472743268934,43992386
1475181472843268934,39983636
1475181472943268934,41249771
1475181473043268934,46406824
1475181473143268934,26310792
1475181473243268934,67077401
1475181473343268934,84300544
1475181473443268934,41629812
1475181473543268934,38972593
1475181473643268934,26995321
1475181473743268934,48940859
1475181473843268934,24427758
1475181474043268934,98060820
1475181473943268934,210124086
1475181474143268934,28204720
1475181474243268934,30521305
1475181474343268934,40019854
1475181474443268934,42875150
1475181474543268934,26203384
1475181474643268934,48270672
1475181474743268934,64899947
1475181474943268934,179107678
1475181475043268934,99911150
1475181474843268934,301966953
1475181475143268934,51347420
1475181475243268934,32226032
1475181475343268934,30277405
1475181475443268934,40182075
1475181475543268934,54125671
1475181475643268934,44155883
1475181475743268934,39647147
1475181475843268934,92655003
1475181475943268934,30241268
1475181476043268934,75483045
1475181476143268934,29964784
1475181476243268934,53596801
1475181476343268934,63795567
1475181476443268934,63976558
1475181476543268934,25810404
1475181476643268934,83605351
1475181476743268934,36471380
1475181476843268934,76605885
1475181477043268934,34567273
1475181477143268934,31717063
1475181476943268934,342657391
1475181477243268934,104906982
1475181477343268934,86124210
1475181477543268934,57574029
1475181477643268934,35626126
1475181477743268934,24079632
1475181477443268934,407580272
1475181477843268934,27400361
1475181477943268934,34438112
1475181478043268934,40020328
1475181478143268934,27365228
1475181478243268934,98109564
1475181478343268934,34938545
1475181478443268934,26624743
1475181478543268934,35884006
1475181478643268934,48146694
1475181478743268934,97164041
1475181478843268934,44728267
1475181478943268934,40535635
1475181479043268934,53230657
1475181479143268934,40149685
1475181479243268934,109615817
1475181479443268934,44170443
1475181479543268934,51850379
1475181479643268934,65531775
1475181479743268934,29395560
1475181479843268934,56997142
1475181479943268934,26405211
1475181480043268934,55783732
1475181480143268934,46945057
1475181480243268934,112801165
1475181480343268934,21392435
1475181480443268934,24224164
1475181480543268934,80253450
1475181480643268934,72020831
1475181479343268934,1399394944
1475181480743268934,52816050
1475181480843268934,59666673
1475181480943268934,42457088
1475181481043268934,89432270
1475181481143268934,33448580
1475181481243268934,33592557
1475181481343268934,45724105
1475181481443268934,32398684
1475181481543268934,33294539
1475181481643268934,43458351
1475181481743268934,52876292
1475181481843268934,24791807
1475181481943268934,44945200
1475181482043268934,103077335
1475181482143268934,30097458
1475181482243268934,37805118
1475181482343268934,33467439
1475181482443268934,93335550
1475181482543268934,52071091
1475181482843268934,58639781
1475181482943268934,52589180
1475181483043268934,45907566
1475181483143268934,27308712
1475181482743268934,512325229
1475181483243268934,65491228
1475181483343268934,50050081
1475181483443268934,39066364
1475181483543268934,27449668
1475181482643268934,1037221482
1475181483643268934,103134987
1475181483743268934,101836563
1475181483843268934,35216502
1475181483943268934,113060498
1475181484043268934,46914396
1475181484143268934,29849352
1475181484243268934,34213453
1475181484343268934,36367937
1475181484443268934,54154957
1475181484543268934,21518883
1475181484643268934,60994424
1475181484743268934,28381218
1475181484843268934,25160071
1475181485043268934,42191918
1475181484943268934,212830373
1475181485143268934,37113753
1475181485343268934,56140041
1475181485243268934,212052373
1475181485543268934,64683174
1475181485643268934,24311871
1475181485743268934,73486857
1475181485843268934,73269485
1475181485443268934,574453026
1475181485943268934,78778033
1475181486043268934,24698499
1475181486143268934,49137093
1475181486243268934,95106306
1475181486343268934,57055075
1475181486443268934,90825045
1475181486543268934,47239236
1475181486643268934,44378272
1475181486743268934,38452027
1475181486843268934,46076854
1475181486943268934,68478763
1475181487043268934,35281023
1475181487143268934,29437535
1475181487243268934,37883053
1475181487343268934,79306111
1475181487443268934,28571242
1475181487543268934,50922274
1475181487643268934,32781222
1475181487743268934,21002155
1475181487843268934,28914281
1475181487943268934,90373564
1475181488043268934,24120915
1475181488143268934,84806375
1475181488243268934,43974847
1475181488343268934,54326265
1475181488443268934,69193498
1475181488543268934,29719006
1475181488643268934,146567956
1475181488843268934,38819592
1475181488943268934,22927486
1475181488743268934,230846057
1475181489043268934,28179761
1475181489143268934,22772855
1475181489243268934,58780866
1475181489343268934,109613786
1475181489443268934,46838080
1475181489543268934,84362962
1475181489643268934,42525251
1475181489743268934,93500869
1475181489843268934,55912498
1475181489943268934,60734514
1475181490043268934,91950182
1475181490143268934,62936822
1475181490243268934,65405314
1475181490343268934,23310623
1475181490443268934,108366743
1475181490543268934,24471443
1475181490643268934,23087907
1475181490843268934,48130538
1475181490743268934,422420574
1475181491243268934,31166599
1475181491143268934,137179216
1475181491343268934,69941615
1475181490943268934,505586976
1475181491443268934,26122691
1475181491543268934,121201368
1475181491743268934,44601608
1475181491643268934,144608192
1475181491043268934,780787296
1475181491843268934,35893116
1475181491943268934,45324083
1475181492043268934,50524208
1475181492143268934,41915085
1475181492243268934,138575906
1475181492343268934,122916399
1475181492443268934,26677103
1475181492543268934,104335339
1475181492643268934,34154573
1475181492843268934,27965539
1475181492743268934,135902955
1475181492943268934,25130286
1475181493043268934,138880840
1475181493343268934,196563913
1475181493443268934,102281659
1475181493243268934,332213239
1475181493543268934,40370946
1475181493643268934,22336457
1475181493743268934,26273102
1475181493843268934,20338283
1475181493943268934,31279659
1475181493143268934,831694427
1475181494043268934,37649555
1475181494143268934,95850157
1475181494243268934,28181783
1475181494343268934,147746812
1475181494443268934,79526527
1475181494543268934,93982334
1475181494643268934,22338957
1475181494743268934,56959048
1475181494843268934,25264490
1475181494943268934,50485112
1475181495043268934,26601431
1475181495143268934,119333320
1475181495243268934,109255301
1475181495343268934,128947768
1475181495443268934,66954526
1475181495543268934,37918736
1475181495643268934,36340913
1475181495743268934,80395031
1475181495843268934,45900614
1475181495943268934,42831475
1475181496043268934,99079783
1475181496143268934,158477488
1475181496343268934,28614557
1475181496243268934,139071493
1475181496443268934,87814437
1475181496543268934,73438876
1475181496643268934,40053495
1475181496843268934,49329618
1475181496943268934,30110304
1475181497143268934,39404640
1475181497043268934,143841238
1475181497243268934,57741446
1475181497343268934,43940899
1475181497443268934,34559277
1475181497543268934,26710355
1475181496743268934,842130984
1475181497643268934,28015399
1475181497743268934,43284079
1475181497843268934,73633337
1475181497943268934,61101403
1475181498043268934,52888551
1475181498143268934,97651063
1475181498243268934,39544598
1475181498343268934,57332861
1475181498443268934,26239620
1475181498543268934,51343889
1475181498643268934,50913322
1475181498743268934,29653184
1475181499043268934,24814952
1475181498943268934,131032992
1475181499143268934,28365674
1475181499243268934,63828291
1475181499343268934,44164653
1475181499443268934,35987045
1475181499543268934,26813926
1475181499643268934,28442334
1475181498843268934,923809146
1475181499743268934,75221015
1475181499843268934,27294146
1475181499943268934,70392355
1475181500043268934,51010992
1475181500143268934,63887190
1475181500243268934,60795345
1475181500343268934,76962219
1475181500443268934,40954325
1475181500543268934,103706370
1475181500643268934,49338592
1475181500743268934,55282458
1475181500843268934,87892566
1475181500943268934,59677751
1475181501043268934,60153863
1475181501143268934,27735940
1475181501243268934,44239864
1475181501343268934,43727014
1475181501443268934,61035169
1475181501543268934,106195003
1475181501643268934,102328156
1475181501743268934,134317768
1475181501843268934,81763680
1475181501943268934,100873207
1475181502043268934,33668354
1475181502143268934,47191684
1475181502243268934,39840629
1475181502343268934,43911159
1475181502443268934,48190341
1475181502543268934,106521950
1475181502643268934,152419611
1475181502743268934,120001934
1475181502843268934,27329900
1475181502943268934,27659837
1475181503043268934,44134719
1475181503143268934,87863065
1475181503243268934,46873117
1475181503343268934,28339030
1475181503543268934,40644018
1475181503643268934,46625181
1475181503743268934,81457776
1475181503843268934,104821746
1475181503943268934,41594521
1475181504043268934,36428248
1475181504143268934,75117107
1475181503443268934,867859337
1475181504243268934,85237306
1475181504343268934,45553650
1475181504443268934,89257782
1475181504543268934,111371516
1475181504743268934,44194717
1475181504843268934,23005418
1475181504643268934,302126277
1475181504943268934,42323409
1475181505043268934,25405369
1475181505143268934,61777924
1475181505243268934,58549391
1475181505343268934,75871408
1475181505443268934,24488545
1475181505543268934,49292269
1475181505643268934,47452845
1475181505743268934,26708202
1475181505843268934,44077278
1475181505943268934,27468060
1475181506043268934,72977669
1475181506143268934,25269753
1475181506243268934,27464167
1475181506343268934,29194854
1475181506443268934,40594538
1475181506543268934,70278822
1475181506643268934,25316359
1475181506743268934,62111354
1475181506843268934,59272377
1475181506943268934,69838579
1475181507043268934,28841839
1475181507143268934,50653602
1475181507343268934,27916528
1475181507243268934,155519078
1475181507443268934,44219346
1475181507543268934,59798252
1475181507643268934,51638821
1475181507743268934,65306703
1475181507843268934,77862958
1475181507943268934,66135714
1475181508043268934,47344048
1475181508143268934,37861793
1475181508243268934,53703493
1475181508343268934,34110899
1475181508443268934,53913426
1475181508543268934,71295574
1475181508643268934,115219221
1475181508743268934,110923054
1475181508843268934,61963856
1475181508943268934,48011392
1475181509043268934,63999041
1475181509143268934,23474927
1475181509243268934,27583255
1475181509343268934,49489015
1475181509443268934,27961995
1475181509543268934,30103393
1475181509643268934,47121105
1475181509743268934,27960809
1475181509843268934,47421869
1475181509943268934,27893010
1475181510043268934,107264703
1475181510143268934,49213123
1475181510243268934,29660713
1475181510343268934,42186447
1475181510443268934,37457660
1475181510543268934,30442240
1475181510643268934,59432114
1475181510743268934,28671823
1475181510843268934,30780356
1475181510943268934,46284807
1475181511043268934,74411543
1475181511143268934,45219660
1475181511243268934,32297985
1475181511343268934,169096901
1475181511543268934,28664609
1475181511443268934,168063523
1475181511643268934,30062013
1475181511743268934,30366671
1475181511843268934,27413580
1475181511943268934,49081537
1475181512043268934,40547225
1475181512143268934,31767161
1475181512343268934,88666259
1475181512243268934,260317478
1475181512443268934,96996089
1475181512543268934,29891184
1475181512643268934,39572300
1475181512743268934,28168947
1475181512843268934,29235752
1475181512943268934,87387036
1475181513043268934,31368811
1475181513143268934,164130966
1475181513243268934,106013087
1475181513343268934,134759460
1475181513443268934,63441519
1475181513543268934,83569603
1475181513643268934,89872753
1475181513843268934,29601496
1475181513743268934,130009752
1475181513943268934,32192849
1475181514043268934,262784773
1475181514143268934,215677097
1475181514343268934,25254791
1475181514243268934,149487462
1475181514443268934,55017068
1475181514543268934,39245204
1475181514643268934,64534859
1475181514743268934,171569044
1475181514943268934,56824961
1475181515043268934,59554740
1475181515143268934,56795411
1475181515243268934,28051031
1475181515343268934,42619320
1475181515443268934,28686968
1475181515543268934,72413937
1475181515643268934,55354188
1475181515743268934,38156314
1475181515843268934,37535551
1475181514843268934,1090733168
1475181515943268934,24759372
1475181516043268934,47046409
1475181516143268934,79198824
1475181516243268934,45941556
1475181516343268934,24172752
1475181516443268934,86064280
1475181516543268934,99028036
1475181516643268934,80172438
1475181516743268934,24001051
1475181516843268934,46050737
1475181516943268934,45283887
1475181517043268934,26617529
1475181517143268934,68298713
1475181517243268934,74775774
1475181517343268934,53615181
1475181517443268934,41034977
1475181517543268934,28827383
1475181517643268934,83069806
1475181517743268934,72039445
1475181517843268934,102280790
1475181517943268934,59332445
1475181518043268934,23614047
1475181518143268934,34047576
1475181518243268934,64455565
1475181518343268934,44073016
1475181518443268934,22225287
1475181518543268934,23554729
1475181518643268934,70499868
1475181518743268934,129129771
1475181518843268934,45314374
1475181518943268934,95292565
1475181519043268934,61887498
1475181519143268934,62409309
1475181519243268934,26918065
1475181519343268934,27085430
1475181519443268934,88494843
1475181519543268934,70912588
1475181519643268934,68425866
1475181519743268934,71435496
1475181519843268934,62906990
1475181519943268934,49910456
1475181520043268934,31537329
1475181520143268934,60596273
1475181520243268934,30142202
1475181520343268934,52709747
1475181520443268934,114230792
1475181520543268934,28195234
1475181520643268934,25872164
1475181520743268934,38093240
1475181520843268934,38055593
1475181520943268934,27573183
1475181521043268934,47876289
1475181521143268934,46497676
1475181521243268934,61928306
1475181521343268934,48189417
1475181521443268934,55402177
1475181521543268934,98774106
1475181521643268934,80027166
1475181521743268934,53877096
1475181521843268934,56550460
1475181521943268934,41851681
1475181522043268934,63658866
1475181522243268934,50394597
1475181522143268934,217364964
1475181522343268934,28374805
1475181522443268934,47239712
1475181522543268934,39665511
1475181522643268934,28368686
1475181522743268934,26131065
1475181522843268934,27290484
1475181522943268934,29453122
1475181523043268934,26622621
1475181523143268934,98638280
1475181523243268934,28992409
1475181523343268934,30500719
1475181523443268934,109922254
1475181523543268934,43558124
1475181523643268934,25888301
1475181523743268934,47371782
1475181523843268934,65352559
1475181523943268934,30431081
1475181524043268934,58667018
1475181524143268934,24936688
1475181524243268934,34447550
1475181524343268934,83403308
1475181524443268934,25820853
1475181524543268934,27369718
1475181524743268934,24098555
1475181524643268934,187998289
1475181524843268934,94227416
1475181524943268934,57425001
1475181525043268934,143969681
1475181525143268934,45797221
1475181525243268934,61605405
1475181525343268934,56799177
1475181525443268934,44162718
1475181525543268934,28962442
1475181525643268934,104732765
1475181525743268934,37381480
1475181525843268934,115743504
1475181525943268934,64880066
1475181526043268934,29874432
1475181526143268934,60390499
1475181526243268934,28898189
1475181526343268934,126437898
1475181526443268934,74646173
1475181526543268934,27619644
1475181526643268934,24960078
1475181526743268934,59712384
1475181526843268934,26166975
1475181526943268934,47711108
1475181527043268934,28099544
1475181527143268934,24480763
1475181527243268934,53897297
1475181527343268934,68710626
1475181527443268934,88673555
1475181527543268934,25287489
1475181527643268934,94504545
1475181527743268934,56583079
1475181527843268934,58626367
1475181527943268934,43319057
1475181528043268934,54343784
1475181528143268934,24829557
1475181528243268934,102574786
1475181528343268934,61413402
1475181528443268934,43854281
1475181528543268934,31285867
1475181528643268934,28464584
1475181528743268934,95464441
1475181528843268934,25220069
1475181528943268934,41298730
1475181529043268934,25048268
1475181529143268934,40758262
1475181529243268934,46519476
1475181529343268934,52353101
1475181529443268934,44254672
1475181529543268934,26036767
1475181529643268934,27403142
1475181529743268934,45448850
1475181529843268934,67936509
1475181529943268934,34275691
1475181530043268934,93486487
1475181530143268934,34299689
1475181530243268934,27400348
1475181530343268934,33188723
1475181530443268934,32320086
1475181530543268934,28860837
1475181530643268934,50679059
1475181530743268934,29065133
1475181530843268934,27193168
1475181530943268934,106789135
1475181531043268934,30189637
1475181531143268934,47077180
1475181531343268934,45348922
1475181531243268934,228351368
1475181531443268934,48054146
1475181531543268934,32463123
1475181531643268934,73937071
1475181531743268934,27267664
1475181531843268934,59999584
1475181531943268934,34576845
1475181532043268934,49322163
1475181532143268934,170113520
1475181532243268934,81909449
1475181532443268934,25620993
1475181532343268934,186164386
1475181532543268934,42048183
1475181532643268934,129731313
1475181532743268934,30063516
1475181532843268934,65985848
1475181532943268934,47066990
1475181533043268934,62872276
1475181533143268934,72535795
1475181533343268934,82404477
1475181533443268934,26178144
1475181533543268934,48367609
1475181533643268934,26449167
1475181533743268934,58738756
1475181533243268934,626933670
1475181533843268934,28903255
1475181533943268934,24686103
1475181534043268934,140214855
1475181534143268934,56092908
1475181534343268934,26768748
1475181534243268934,129670574
1475181534443268934,141495675
1475181534543268934,94885893
1475181534643268934,55892117
1475181534743268934,34229371
1475181534843268934,55745367
1475181534943268934,123553719
1475181535043268934,29414097
1475181535143268934,27789709
1475181535243268934,32976003
1475181535343268934,26790842
1475181535443268934,72588278
1475181535543268934,49933236
1475181535643268934,52701207
1475181535743268934,57925356
1475181535843268934,116927984
1475181535943268934,35986039
1475181536043268934,27439505
1475181536143268934,64691089
1475181536243268934,60136515
1475181536343268934,34843709
1475181536443268934,55654878
1475181536543268934,29509695
1475181536643268934,179243935
1475181536743268934,145289137
1475181536843268934,46083357
1475181536943268934,28310572
1475181537143268934,292299293
1475181537443268934,35185448
1475181537243268934,253340248
1475181537343268934,155617929
1475181537043268934,478027588
1475181537543268934,89458261
1475181537843268934,53303315
1475181537943268934,56923630
1475181537643268934,389932991
1475181538043268934,49527412
1475181537743268934,410983237
1475181538143268934,32432489
1475181538243268934,42365000
1475181538343268934,85348514
1475181538443268934,64947690
1475181538643268934,52908607
1475181538543268934,158339308
1475181538743268934,43029792
1475181538843268934,48973970
1475181538943268934,44669042
1475181539043268934,71530892
1475181539143268934,104808759
1475181539243268934,90682024
1475181539343268934,27266887
1475181539443268934,26797759
1475181539543268934,42883662
1475181539643268934,70910485
1475181539743268934,41779494
1475181539843268934,47090669
1475181539943268934,32529704
1475181540043268934,115803677
1475181540143268934,40439279
1475181540243268934,67756047
1475181540343268934,49189837
1475181540443268934,58297297
1475181540543268934,26518846
1475181540643268934,57150555
1475181540743268934,48881691
1475181540843268934,57522692
1475181540943268934,52391684
1475181541143268934,74878379
1475181541043268934,198302864
1475181541243268934,98056849
1475181541343268934,28667519
1475181541443268934,47630356
1475181541543268934,55206463
1475181541643268934,88399493
1475181541743268934,87454358
1475181541843268934,90753628
1475181541943268934,87339037
1475181542043268934,38833424
1475181542143268934,28940184
1475181542343268934,74541237
1475181542443268934,102194207
1475181542643268934,54539135
1475181542543268934,186802934
1475181542243268934,498370548
1475181542843268934,52280927
1475181542743268934,189837108
1475181542943268934,34341435
1475181543043268934,55101264
1475181543143268934,50962431
1475181543243268934,26865519
1475181543343268934,38192365
1475181543443268934,29874020
1475181543543268934,100673166
1475181543643268934,30286637
1475181543743268934,68735491
1475181543843268934,81780729
1475181543943268934,37792926
1475181544043268934,33871713
1475181544143268934,65181423
1475181544343268934,28853546
1475181544443268934,41061433
1475181544543268934,27211944
1475181544643268934,44144077
1475181544743268934,31912228
1475181544843268934,97668648
1475181544943268934,42775428
1475181545043268934,44324201
1475181545143268934,116106748
1475181545243268934,100009274
1475181545343268934,29028466
1475181544243268934,1133227854
1475181545443268934,90733523
1475181545543268934,28445785
1475181545643268934,29341601
1475181545743268934,130155358
1475181545843268934,94068092
1475181545943268934,29398108
1475181546043268934,28220082
1475181546143268934,26453581
1475181546243268934,28745950
1475181546343268934,74675535
1475181546443268934,50452043
1475181546543268934,73508975
1475181546643268934,91257454
1475181546743268934,38640294
1475181546843268934,134969427
1475181546943268934,90545222
1475181547043268934,40681171
1475181547143268934,89928568
1475181547243268934,31246406
1475181547343268934,61109193
1475181547443268934,96654218
1475181547543268934,37516545
1475181547643268934,26867463
1475181547743268934,59825187
1475181547843268934,30168594
1475181547943268934,29785724
1475181548043268934,41883019
1475181548143268934,37448190
1475181548243268934,139256526
1475181548343268934,112020887
1475181548443268934,27854251
1475181548543268934,29600777
1475181548643268934,61338380
1475181548743268934,57380185
1475181548843268934,70028826
1475181548943268934,28749188
1475181549043268934,54328229
1475181549143268934,29751924
1475181549343268934,59140271
1475181549243268934,188074019
1475181549443268934,63860376
1475181549543268934,79886226
1475181549643268934,66857476
1475181549743268934,76203370
1475181549843268934,88560833
1475181549943268934,32395179
1475181550043268934,67919082
1475181550143268934,27133734
1475181550343268934,25834379
1475181550243268934,146197919
1475181550443268934,25625784
1475181550543268934,29716001
1475181550643268934,53387836
1475181550743268934,34903165
1475181550843268934,90192109
1475181550943268934,40544241
1475181551043268934,155155083
1475181551143268934,77862258
1475181551243268934,29016216
1475181551343268934,35910757
1475181551443268934,29231741
1475181551643268934,71872678
1475181551543268934,213095136
1475181551743268934,45501375
1475181551843268934,102317803
1475181551943268934,47988363
1475181552043268934,81637536
1475181552143268934,140679192
1475181552243268934,42617908
1475181552343268934,119639895
1475181552443268934,29396555
1475181552543268934,37780955
1475181552643268934,44698585
1475181552743268934,41036819
1475181552843268934,42254164
1475181552943268934,118731114
1475181553043268934,58975448
1475181553143268934,108482065
1475181553243268934,77777358
1475181553343268934,102561714
1475181553443268934,67887120
1475181553643268934,191580515
1475181553543268934,316540515
1475181553743268934,136100760
1475181553843268934,64661773
1475181553943268934,53075628
1475181554043268934,32130417
1475181554143268934,41076318
1475181554243268934,41416955
1475181554343268934,38736379
1475181554443268934,56090720
1475181554543268934,26638375
1475181554643268934,36612395
1475181554743268934,125832485
1475181554843268934,52950252
1475181554943268934,58662382
1475181555043268934,45263286
1475181555143268934,38874175
1475181555243268934,84479162
1475181555343268934,35817456
1475181555443268934,50435897
1475181555543268934,89199234
1475181555643268934,53636395
1475181555743268934,30860283
1475181555843268934,52024003
1475181555943268934,78859686
1475181556043268934,81273083
1475181556143268934,104446818
1475181556243268934,41646408
1475181556343268934,33279958
1475181556443268934,49416587
1475181556543268934,60603661
1475181556643268934,27707041
1475181556743268934,29218300
1475181556843268934,47243740
1475181556943268934,118019837
1475181557043268934,43595867
1475181557143268934,27757901
1475181557243268934,30578964
1475181557343268934,30445440
1475181557443268934,26914328
1475181557543268934,123935149
1475181557643268934,34998083
1475181557743268934,30056786
1475181557843268934,56341052
1475181557943268934,81177291
1475181558043268934,46428801
1475181558143268934,74338293
1475181558243268934,43830957
1475181558343268934,30611622
1475181558443268934,60318697
1475181558543268934,86470573
1475181558643268934,57806406
1475181558743268934,48699384
1475181558843268934,30126682
1475181558943268934,91134377
1475181559043268934,35410964
1475181559143268934,109454834
1475181559243268934,64242617
1475181559343268934,30756748
1475181559443268934,28920322
1475181559543268934,52270722
1475181559643268934,174424795
1475181559743268934,129772599
1475181559843268934,46565300
1475181559943268934,49836110
1475181560043268934,35990720
1475181560143268934,42713054
1475181560243268934,61325986
1475181560343268934,86527801
1475181560443268934,31768376
1475181560543268934,67246525
1475181560643268934,39196363
1475181560743268934,43991107
1475181560843268934,33265792
1475181560943268934,26927144
1475181561043268934,46279974
1475181561143268934,130155879
1475181561243268934,39195382
1475181561343268934,26179997
1475181561443268934,71202019
1475181561543268934,31085237
1475181561643268934,27755751
1475181561743268934,58604977
1475181561843268934,52753018
1475181561943268934,39271847
1475181562143268934,59057378
1475181562243268934,41347922
1475181562343268934,45914209
1475181562443268934,30501060
1475181562043268934,518150706
1475181562543268934,30975928
1475181562643268934,27837605
1475181562743268934,89861478
1475181562843268934,41192675
1475181562943268934,55069169
1475181563043268934,62962224
1475181563143268934,115638247
1475181563243268934,93760929
1475181563343268934,29475996
1475181563443268934,59059077
1475181563543268934,25878357
1475181563643268934,51076866
1475181563743268934,26969394
1475181563843268934,38115340
1475181563943268934,99737151
1475181564043268934,27304825
1475181564243268934,50157490
1475181564143268934,186143811
1475181564343268934,79132228
1475181564443268934,121064623
1475181564543268934,69442003
1475181564643268934,58373971
1475181564743268934,81356517
1475181564843268934,29741011
1475181564943268934,62294258
1475181565043268934,56087040
1475181565143268934,29416384
1475181565243268934,27742084
1475181565343268934,31244693
1475181565443268934,48719147
1475181565543268934,103488998
1475181565643268934,87772856
1475181565743268934,38648793
1475181565843268934,31401507
1475181565943268934,70648265
1475181566043268934,36186870
1475181566243268934,29520163
1475181566143268934,191207830
1475181566343268934,58482871
1475181566443268934,51223171
1475181566543268934,34905226
1475181566643268934,118394979
1475181566743268934,33576805
1475181566843268934,40559219
1475181566943268934,52725674
1475181567043268934,48547220
1475181567143268934,77055668
1475181567243268934,30322586
1475181567443268934,49634210
1475181567543268934,56866204
1475181567643268934,29415032
1475181567743268934,39595184
1475181567843268934,39437280
1475181567343268934,545168497
1475181567943268934,42033454
1475181568043268934,42448935
1475181568143268934,27569872
1475181568243268934,47404331
1475181568343268934,28104181
1475181568443268934,52771940
1475181568543268934,42448317
1475181568643268934,27430471
1475181568743268934,33224083
1475181568843268934,56852078
1475181568943268934,34686187
1475181569143268934,108245833
1475181569043268934,318999210
1475181569343268934,30394175
1475181569243268934,190135617
1475181569443268934,121269652
1475181569643268934,108675063
1475181569543268934,217437334
1475181569743268934,61994929
1475181569843268934,94002447
1475181570143268934,95961865
1475181569943268934,306071653
1475181570043268934,237202927
1475181570243268934,58298445
1475181570343268934,41370185
1475181570443268934,50329005
1475181570543268934,57682534
1475181570643268934,44365153
1475181570743268934,71643548
1475181570843268934,30568400
1475181570943268934,238558330
1475181571143268934,43802050
1475181571043268934,143807245
1475181571243268934,46648476
1475181571443268934,44777213
1475181571343268934,186929689
1475181571543268934,49747533
1475181571643268934,49752050
1475181571743268934,68448135
1475181571843268934,65270407
1475181571943268934,55714505
1475181572043268934,70559329
1475181572143268934,53255676
1475181572243268934,39224897
1475181572343268934,54396705
1475181572443268934,102351766
1475181572543268934,27150997
1475181572643268934,55262556
1475181572743268934,27827731
1475181572843268934,36096212
1475181572943268934,32031367
1475181573043268934,50174069
1475181573143268934,149592603
1475181573343268934,29754377
1475181573243268934,133581982
1475181573443268934,29136194
1475181573543268934,38330679
1475181573643268934,61317547
1475181573743268934,36631831
1475181573843268934,43121412
1475181573943268934,106722636
1475181574043268934,36800061
1475181574143268934,50664098
1475181574243268934,58406843
1475181574343268934,29507857
1475181574443268934,32048518
1475181574543268934,80438514
1475181574643268934,113202531
1475181574743268934,32881893
1475181574843268934,42383109
1475181574943268934,89846684
1475181575043268934,28108000
1475181575143268934,47068750
1475181575243268934,27679672
1475181575343268934,59500982
1475181575443268934,32493906
1475181575543268934,75392640
1475181575643268934,66355966
1475181575743268934,42474455
1475181575843268934,48089468
1475181575943268934,76606536
1475181576043268934,98679498
1475181576143268934,42783637
1475181576243268934,61966250
1475181576343268934,29186110
1475181576443268934,34485067
1475181576543268934,33192067
1475181576643268934,43749924
1475181576743268934,63463007
1475181576843268934,60911633
1475181576943268934,75094828
1475181577043268934,92499571
1475181577143268934,29176186
1475181577243268934,32512103
1475181577343268934,44667382
1475181577443268934,34748014
1475181577543268934,53778747
1475181577643268934,169399863
1475181577843268934,63011711
1475181577943268934,35756162
1475181578043268934,47565394
1475181578143268934,52374748
1475181578243268934,49160039
1475181578343268934,40269619
1475181577743268934,799866598
1475181578443268934,137748529
1475181578643268934,31947845
1475181578543268934,209953716
1475181578743268934,45977998
1475181578843268934,54952003
1475181578943268934,29341075
1475181579043268934,49599422
1475181579143268934,90330038
1475181579243268934,32359848
1475181579343268934,27690380
1475181579443268934,29983567
1475181579543268934,31536709
1475181579643268934,57430220
1475181579843268934,43838183
1475181579943268934,30122596
1475181580043268934,48743447
1475181580143268934,66367984
1475181580243268934,64801492
1475181580343268934,41803258
1475181580443268934,76469822
1475181579743268934,798769255
1475181580543268934,137208269
1475181580643268934,112173836
1475181580743268934,28949877
1475181580843268934,90697532
1475181580943268934,33131125
1475181581043268934,61669450
1475181581143268934,54251282
1475181581243268934,53788749
1475181581343268934,58098509
1475181581443268934,88122200
1475181581543268934,52266441
1475181581643268934,55957543
1475181581743268934,56308787
1475181581843268934,36899657
1475181581943268934,44087820
1475181582043268934,123922604
1475181582143268934,45257943
1475181582243268934,42744466
1475181582343268934,45943509
1475181582443268934,42854407
1475181582543268934,50605409
1475181582643268934,44241433
1475181582743268934,34929903
1475181582843268934,65265706
1475181583043268934,61076807
1475181583143268934,30908436
1475181582943268934,254530062
1475181583243268934,53353138
1475181583343268934,29147637
1475181583443268934,113873374
1475181583543268934,36113900
1475181583643268934,69239959
1475181583843268934,78888574
1475181583943268934,42151909
1475181584043268934,36526532
1475181583743268934,395190426
1475181584143268934,32078461
1475181584243268934,51058490
1475181584343268934,109834430
1475181584443268934,52166460
1475181584543268934,34666353
1475181584643268934,33499025
1475181584743268934,98770759
1475181584843268934,42559082
1475181584943268934,35875904
1475181585043268934,140110298
1475181585143268934,144163535
1475181585343268934,50639450
1475181585443268934,66490450
1475181585543268934,106582821
1475181585243268934,440175365
1475181585743268934,45179812
1475181585643268934,234370326
1475181585843268934,51920890
1475181585943268934,69917058
1475181586043268934,51664287
1475181586143268934,29185344
1475181586243268934,57279331
1475181586343268934,32032800
1475181586443268934,50715136
1475181586543268934,33552315
1475181586643268934,64460017
1475181586743268934,29317717
1475181586843268934,31608622
1475181586943268934,47415210
1475181587043268934,50162800
1475181587143268934,34557684
1475181587243268934,128894022
1475181587343268934,33262119
1475181587443268934,53563866
1475181587643268934,32859997
1475181587543268934,225326548
1475181587743268934,30232993
1475181587843268934,54077396
1475181587943268934,43835519
1475181588043268934,33576481
1475181588143268934,55963868
1475181588343268934,54843690
1475181588243268934,155402983
1475181588443268934,61980639
1475181588543268934,49439191
1475181588643268934,31413558
1475181588743268934,46844704
1475181589043268934,35387651
1475181588943268934,155515620
1475181588843268934,261059174
1475181589143268934,111692542
1475181589243268934,61615215
1475181589343268934,48454298
1475181589543268934,78123737
1475181589743268934,26686103
1475181589643268934,136694205
1475181589443268934,426542257
1475181589843268934,30101962
1475181589943268934,29871941
1475181590043268934,86755219
1475181590143268934,34893280
1475181590243268934,27693030
1475181590343268934,95472042
1475181590443268934,39881412
1475181590543268934,30835537
1475181590743268934,73300690
1475181590843268934,83127448
1475181590643268934,298878929
1475181590943268934,68167425
1475181591043268934,43099148
1475181591143268934,47750400
1475181591243268934,63072904
1475181591343268934,51057069
1475181591443268934,52483412
1475181591543268934,62674353
1475181591743268934,44687899
1475181591843268934,31117763
1475181591643268934,423629458
1475181592043268934,63702609
1475181592143268934,39466852
1475181592243268934,47035797
1475181592343268934,75803118
1475181592443268934,49123923
1475181592543268934,51504765
1475181592643268934,54039820
1475181592743268934,31406420
1475181592843268934,77985650
1475181591943268934,1019795994
1475181592943268934,49963953
1475181593043268934,48324436
1475181593143268934,135685509
1475181593243268934,52136687
1475181593343268934,50637979
1475181593443268934,41933940
1475181593543268934,32055974
1475181593643268934,58187658
1475181593743268934,38431061
1475181593843268934,160826464
1475181593943268934,100778180
1475181594043268934,29809766
1475181594143268934,95777383
1475181594243268934,35286821
1475181594343268934,29073167
1475181594443268934,59074929
1475181594543268934,45900023
1475181594643268934,70783737
1475181594743268934,100707572
1475181594843268934,196949647
1475181595043268934,27585888
1475181595143268934,42721410
1475181595243268934,35905545
1475181595343268934,65526515
1475181595443268934,36249738
1475181595543268934,45458825
1475181595643268934,95432556
1475181595743268934,260148656
1475181595843268934,196901441
1475181596043268934,61455697
1475181595943268934,221682769
1475181596143268934,89581348
1475181594943268934,1321226203
1475181596243268934,122218729
1475181596343268934,103368353
1475181596443268934,40736004
1475181596543268934,63327907
1475181596643268934,61433107
1475181596743268934,29494375
1475181596843268934,45850676
1475181596943268934,87737964
1475181597043268934,30158950
1475181597143268934,102526852
1475181597243268934,73149292
1475181597343268934,41362505
1475181597543268934,42735166
1475181597443268934,179065524
1475181597643268934,30908178
1475181597743268934,91657794
1475181597843268934,125599765
1475181597943268934,36771681
1475181598143268934,36775071
1475181598043268934,141316674
1475181598343268934,36741460
1475181598243268934,143241444
1475181598443268934,30335031
1475181598543268934,50585908
1475181598643268934,525943260
1475181598943268934,231569524
1475181598743268934,452643907
1475181598843268934,375600839
1475181599143268934,82051945
1475181599043268934,255820039
1475181599243268934,96232128
1475181599343268934,27600528
1475181599443268934,56075820
1475181599543268934,31442427
1475181599643268934,73433427
1475181599743268934,52703603
1475181599843268934,30223263
1475181599943268934,132225729
1475181600043268934,58167709
1475181600143268934,63093112
1475181600243268934,117364916
1475181600443268934,100454643
1475181600343268934,407973785
1475181600543268934,225072461
1475181600643268934,293182393
1475181600743268934,303583406
1475181600943268934,182670357
1475181600843268934,385729297
1475181601043268934,295340371
1475181601143268934,219228359
1475181601243268934,219870727
1475181601443268934,64625332
1475181601343268934,181637065
1475181601543268934,38625695
1475181601643268934,59182473
1475181601743268934,51509062
1475181601843268934,97496754
1475181601943268934,57519617
1475181602043268934,46124884
1475181602143268934,83903057
1475181602343268934,38872721
1475181602243268934,143510937
1475181602543268934,68054111
1475181602743268934,127089740
1475181602643268934,262633201
1475181602843268934,64528282
1475181602943268934,108792324
1475181603043268934,64349202
1475181603243268934,34001925
1475181603143268934,203164775
1475181603343268934,84374626
1475181602443268934,1031626859
1475181603443268934,33252442
1475181603643268934,41576003
1475181603543268934,163552412
1475181603743268934,66172919
1475181603843268934,48075130
1475181603943268934,84489772
1475181604043268934,38071669
1475181604143268934,33360425
1475181604243268934,84620035
1475181604343268934,169280191
1475181604443268934,79544831
1475181604543268934,72192046
1475181604643268934,62323237
1475181604743268934,129983040
1475181604843268934,52397203
1475181605043268934,95026419
1475181605143268934,34505931
1475181605243268934,40926514
1475181604943268934,385740852
1475181605343268934,88761369
1475181605443268934,60365983
1475181605543268934,127235504
1475181605643268934,37585236
1475181605743268934,28508281
1475181605843268934,108853730
1475181605943268934,33357558
1475181606043268934,46119598
1475181606143268934,124572084
1475181606243268934,32083354
1475181606343268934,59918821
1475181606443268934,142977415
1475181606543268934,51728333
1475181606643268934,34896622
1475181606843268934,132553020
1475181606943268934,46203233
1475181607043268934,36858245
1475181607143268934,43174424
1475181607243268934,30321390
1475181606743268934,647500403
1475181607343268934,204408229
1475181607443268934,106100581
1475181607543268934,43984923
1475181607643268934,40465270
1475181607743268934,43895014
1475181607843268934,34392566
1475181607943268934,98563055
1475181608143268934,74312706
1475181608043268934,183798217
1475181608243268934,172594369
1475181608343268934,101957284
1475181608443268934,63896007
1475181608543268934,55603388
1475181608843268934,35093792
1475181608643268934,258874992
1475181608743268934,174472234
1475181608943268934,57787429
1475181609043268934,89530477
1475181609143268934,52179913
1475181609243268934,31510412
1475181609343268934,83382437
1475181609443268934,78370478
1475181609543268934,117944520
1475181609643268934,69954685
1475181609743268934,31447299
1475181609843268934,131818621
1475181609943268934,46761630
1475181610043268934,48987145
1475181610143268934,156828087
1475181610243268934,106125307
1475181610343268934,33091311
1475181610443268934,155447653
1475181610543268934,116652741
1475181610643268934,51385581
1475181610743268934,64726133
1475181610843268934,55214887
1475181610943268934,54899306
1475181611043268934,35701958
1475181611143268934,39281276
1475181611243268934,114494252
1475181611343268934,34070515
1475181611443268934,44625974
1475181611543268934,54905355
1475181611643268934,29868546
1475181611743268934,47297277
1475181611843268934,105540612
1475181611943268934,75211028
1475181612043268934,66252771
1475181612143268934,41110047
1475181612243268934,68108127
1475181612343268934,165844653
1475181612443268934,133284628
1475181612543268934,51680034
1475181612643268934,118747967
1475181612743268934,31309348
1475181612843268934,50935643
1475181612943268934,41358118
1475181613043268934,148185573
1475181613143268934,75358784
1475181613243268934,31169552
1475181613343268934,42962428
1475181613443268934,61025462
1475181613543268934,59936196
1475181613843268934,144483772
1475181613943268934,102082091
1475181613643268934,572958666
1475181613743268934,473100598
1475181614043268934,179117695
1475181614143268934,124636291
1475181614243268934,59028747
1475181614343268934,94255591
1475181614443268934,40464856
1475181614543268934,32092840
1475181614643268934,33555621
1475181614743268934,32809915
1475181614843268934,103156968
1475181614943268934,47659712
1475181615043268934,43387585
1475181615143268934,47838650
1475181615243268934,42320939
1475181615343268934,48542683
1475181615443268934,151554347
1475181615543268934,117332309
1475181615643268934,28637769
1475181615743268934,110118058
1475181615843268934,46671077
1475181615943268934,103615692
1475181616043268934,35249303
1475181616143268934,61222421
1475181616343268934,84604709
1475181616243268934,230724464
1475181616443268934,52123894
1475181616543268934,59205891
1475181616643268934,67840725
1475181616743268934,34273157
1475181616843268934,35208970
1475181616943268934,91581173
1475181617043268934,62532580
1475181617143268934,30651076
1475181617243268934,32996427
1475181617343268934,31114774
1475181617443268934,66025208
1475181617543268934,60583695
1475181617643268934,103464808
1475181617743268934,37910044
1475181617843268934,82966509
1475181617943268934,92488526
1475181618043268934,29082633
1475181618143268934,51954067
1475181618243268934,33156177
1475181618343268934,110809215
1475181618443268934,72117972
1475181618543268934,72881012
1475181618643268934,34938472
1475181618743268934,56646356
1475181618843268934,77377135
1475181618943268934,50173360
1475181619043268934,119758516
1475181619143268934,39468829
1475181619243268934,31777976
1475181619343268934,65585124
1475181619443268934,98490793
1475181619543268934,130545688
1475181619643268934,80159819
1475181619743268934,38356775
1475181619843268934,48399503
1475181619943268934,73654352
1475181620043268934,36830648
1475181620143268934,54152135
1475181620243268934,30260345
1475181620343268934,30941380
1475181620443268934,55792678
1475181620543268934,31568451
1475181620743268934,111293187
1475181620843268934,93350946
1475181620943268934,27280057
1475181621043268934,53715979
1475181621143268934,41740649
1475181621243268934,132273516
1475181621343268934,47667066
1475181621443268934,47592631
1475181621543268934,85058601
1475181621643268934,72381487
1475181621743268934,41369167
1475181620643268934,1172378028
1475181621943268934,36419118
1475181621843268934,153864005
1475181622043268934,40432951
1475181622243268934,37507074
1475181622143268934,277515877
1475181622343268934,110581175
1475181622443268934,34566439
1475181622543268934,36012773
1475181622643268934,29663966
1475181622743268934,145704048
1475181622843268934,253294461
1475181623143268934,53195763
1475181622943268934,376368227
1475181623243268934,154839879
1475181623443268934,35606469
1475181623343268934,139848095
1475181623543268934,52568807
1475181623643268934,49234127
1475181623043268934,675721654
1475181623743268934,53320837
1475181623843268934,136523873
1475181623943268934,137957495
1475181624043268934,88350539
1475181624143268934,153314497
1475181624243268934,65182026
1475181624343268934,58300469
1475181624443268934,54658158
1475181624543268934,55102903
1475181624643268934,34818636
1475181624843268934,183884468
1475181624743268934,333094590
1475181625043268934,73046408
1475181625143268934,21863683
1475181625343268934,36863970
1475181625243268934,155855831
1475181624943268934,459437787
1475181625443268934,40321847
1475181625543268934,31541377
1475181625643268934,31462436
1475181625743268934,118780851
1475181625843268934,95195266
1475181625943268934,24117142
1475181626143268934,58212413
1475181626043268934,215579206
1475181626243268934,41568994
1475181626343268934,29915194
1475181626543268934,34031842
1475181626643268934,57918547
1475181626743268934,25361829
1475181626443268934,325566308
1475181626843268934,35945737
1475181626943268934,269946755
1475181627243268934,34500366
1475181627043268934,239148063
1475181627143268934,192824403
1475181627343268934,23648550
1475181627443268934,44532969
1475181627543268934,52333681
1475181627643268934,39020004
1475181627743268934,37432832
1475181627843268934,163090863
1475181628043268934,376043743
1475181628243268934,183899749
1475181628143268934,289945388
1475181628443268934,42755748
1475181627943268934,591813040
1475181628543268934,25668052
1475181628343268934,231804782
1475181628643268934,53540838
1475181628743268934,130970207
1475181628843268934,45738418
1475181628943268934,29399816
1475181629243268934,26748827
1475181629143268934,133782811
1475181629343268934,35811515
1475181629043268934,346420049
1475181629443268934,44743059
1475181629543268934,27279858
1475181629643268934,134023723
1475181629743268934,77141643
1475181629843268934,45722504
1475181630043268934,46376928
1475181629943268934,180916507
1475181630143268934,52026328
1475181630243268934,37070830
1475181630343268934,43122665
1475181630443268934,25569720
1475181630543268934,48484129
1475181630643268934,64565245
1475181630843268934,78677698
1475181630943268934,106086573
1475181631043268934,82694494
1475181631143268934,66436651
1475181631243268934,36521613
1475181630743268934,604462939
1475181631343268934,37223955
1475181631443268934,47579696
1475181631643268934,37985724
1475181631543268934,166546647
1475181631743268934,159950957
1475181631843268934,133332274
1475181631943268934,33438545
1475181632043268934,119668324
1475181632143268934,60899621
1475181632243268934,27326020
1475181632343268934,40116780
1475181632443268934,108263600
1475181632543268934,82963930
1475181632643268934,35442956
1475181632743268934,42049314
1475181632843268934,51193748
1475181632943268934,76930267
1475181633043268934,40078717
1475181633143268934,153539563
1475181633343268934,81581040
1475181633443268934,133605298
1475181633543268934,79643564
1475181633643268934,50872236
1475181633243268934,502805924
1475181633743268934,56727937
1475181633843268934,26756913
1475181633943268934,26356736
1475181634043268934,24811387
1475181634143268934,118463189
1475181634243268934,22635831
1475181634343268934,22431115
1475181634443268934,25573774
1475181634543268934,45271299
1475181634643268934,61950666
1475181634743268934,26191155
1475181634843268934,166819899
1475181634943268934,139548377
1475181635143268934,28608479
1475181635043268934,130335068
1475181635243268934,41129375
1475181635343268934,34144875
1475181635443268934,49150416
1475181635543268934,22232117
1475181635643268934,36735651
1475181635743268934,29807993
1475181635943268934,32476304
1475181635843268934,172279997
1475181636043268934,48795939
1475181636143268934,47348474
1475181636243268934,37025016
1475181636343268934,59582223
1475181636443268934,41599246
1475181636543268934,30473536
1475181636643268934,46577296
1475181636743268934,47928828
1475181636843268934,146417935
1475181636943268934,98372984
1475181637043268934,79534308
1475181637143268934,22210776
1475181637243268934,52933678
1475181637343268934,55522769
1475181637443268934,35539455
1475181637543268934,24946823
1475181637743268934,39639531
1475181637643268934,163151325
1475181637843268934,36592382
1475181637943268934,50142210
1475181638043268934,44710583
1475181638143268934,69902183
1475181638243268934,97341618
1475181638343268934,80735980
1475181638443268934,27256978
1475181638543268934,205820712
1475181638743268934,35143136
1475181638643268934,176325466
1475181638843268934,38984500
1475181638943268934,105135801
1475181639043268934,30621575
1475181639143268934,35526572
1475181639343268934,39550445
1475181639243268934,155602765
1475181639443268934,68579190
1475181639543268934,36213940
1475181639643268934,50625445
1475181639743268934,65018828
1475181639843268934,37410259
1475181639943268934,114872914
1475181640043268934,91389752
1475181640143268934,44851277
1475181640243268934,65723355
1475181640343268934,24509944
1475181640443268934,33511443
1475181640543268934,62663487
1475181640643268934,134551127
1475181640743268934,42975598
1475181640843268934,41909096
1475181640943268934,53255464
1475181641043268934,35694766
1475181641243268934,65094343
1475181641143268934,169012001
1475181641343268934,69084809
1475181641443268934,47125894
1475181641543268934,33258658
1475181641643268934,49805201
1475181641743268934,24536489
1475181641843268934,89233380
1475181641943268934,47820819
1475181642143268934,25981952
1475181642043268934,141199058
1475181642243268934,56898719
1475181642343268934,93783591
1475181642443268934,39626636
1475181642543268934,87926563
1475181642643268934,108729010
1475181642743268934,137215565
1475181642943268934,62473757
1475181642843268934,189771051
1475181643043268934,31609505
1475181643143268934,29390149
1475181643243268934,45056806
1475181643343268934,26726627
1475181643443268934,26440367
1475181643543268934,26930034
1475181643743268934,101329500
1475181643843268934,27895787
1475181643643268934,329783606
1475181643943268934,141061704
1475181644043268934,50480832
1475181644143268934,61373575
1475181644343268934,25033159
1475181644243268934,175179212
1475181644443268934,39152209
1475181644543268934,60256889
1475181644643268934,46744107
1475181644743268934,30922477
1475181644943268934,28849738
1475181644843268934,173680697
1475181645043268934,158865928
1475181645143268934,63644126
1475181645243268934,35703238
1475181645343268934,115047185
1475181645443268934,22727271
1475181645543268934,33481350
1475181645643268934,77577310
1475181645743268934,172176655
1475181645843268934,108869663
1475181645943268934,40779390
1475181646043268934,25307831
1475181646143268934,76817183
1475181646243268934,52263792
1475181646343268934,127503914
1475181646443268934,49935829
1475181646543268934,26032723
1475181646643268934,65984910
1475181646743268934,40647909
1475181646843268934,70834306
1475181646943268934,42572451
1475181647143268934,57612135
1475181647243268934,76866248
1475181647343268934,41221434
1475181647443268934,53716134
1475181647543268934,51564888
1475181647043268934,563642041
1475181647643268934,55971140
1475181647743268934,35021723
1475181647843268934,42797832
1475181647943268934,71537239
1475181648043268934,152119609
1475181648243268934,21011717
1475181648343268934,71253730
1475181648443268934,66957791
1475181648143268934,411100552
1475181648543268934,31827002
1475181648643268934,60867823
1475181648843268934,41414661
1475181648743268934,196377905
1475181648943268934,26110142
1475181649043268934,45339692
1475181649143268934,165267030
1475181649343268934,169735873
1475181649443268934,72860284
1475181649543268934,31702441
1475181649643268934,78825537
1475181649743268934,51470035
1475181649843268934,46122452
1475181649943268934,24541047
1475181649243268934,872458946
1475181650043268934,188031392
1475181650143268934,115881096
1475181650243268934,52951516
1475181650343268934,72297919
1475181650443268934,27515016
1475181650543268934,100485288
1475181650643268934,27002758
1475181650843268934,24348092
1475181650743268934,152267130
1475181650943268934,141971917
1475181651043268934,42160690
1475181651143268934,24675833
1475181651243268934,28973022
1475181651343268934,40252252
1475181651443268934,27278991
1475181651543268934,22753313
1475181651643268934,82639679
1475181651843268934,22866085
1475181651943268934,55724529
1475181652043268934,57638004
1475181651743268934,397337696
1475181652143268934,45608421
1475181652243268934,48429908
1475181652343268934,35528039
1475181652443268934,24750210
1475181652543268934,60365356
1475181652643268934,33178020
1475181652743268934,79474511
1475181652843268934,86588038
1475181652943268934,46800060
1475181653043268934,36187265
1475181653143268934,125708911
1475181653243268934,48788494
1475181653343268934,162804071
1475181653443268934,160154752
1475181653543268934,123912496
1475181653643268934,50267725
1475181653743268934,25417956
1475181653843268934,27388147
1475181653943268934,43533434
1475181654043268934,24662823
1475181654143268934,52812044
1475181654243268934,90816020
1475181654343268934,35286738
1475181654443268934,41584046
1475181654543268934,38211939
1475181654643268934,33190246
1475181654743268934,29840997
1475181655043268934,37231675
1475181655143268934,56911724
1475181654843268934,394422099
1475181655243268934,47800791
1475181655343268934,37552941
1475181654943268934,508127333
1475181655443268934,67803777
1475181655543268934,62687372
1475181655643268934,45214451
1475181655743268934,25512912
1475181656043268934,52120062
1475181656143268934,27235336
1475181655843268934,439308158
1475181656243268934,60689410
1475181655943268934,449077526
1475181656443268934,22507358
1475181656343268934,136637764
1475181656543268934,66290760
1475181656643268934,85485241
1475181656743268934,48435957
1475181656843268934,41142176
1475181656943268934,48718819
1475181657043268934,22753584
1475181657143268934,20642264
1475181657243268934,106577090
1475181657343268934,68322966
1475181657443268934,139014265
1475181657543268934,52234387
1475181657643268934,40668958
1475181657843268934,23923098
1475181657943268934,29461265
1475181658043268934,58176851
1475181657743268934,389841049
1475181658143268934,20379777
1475181658243268934,64338386
1475181658343268934,25519256
1475181658443268934,42047020
1475181658543268934,39585789
1475181658643268934,80358884
1475181658743268934,21945769
1475181658843268934,22532077
1475181658943268934,61903101
1475181659043268934,26216622
1475181659243268934,112324146
1475181659343268934,46668950
1475181659143268934,258207280
1475181659443268934,28580711
1475181659543268934,35204867
1475181659643268934,41715532
1475181659743268934,32343615
1475181659843268934,65512173
1475181659943268934,24172014
1475181660043268934,131459356
1475181660143268934,36845837
1475181660243268934,66147813
1475181660443268934,48813970
1475181660343268934,207842459
1475181660543268934,27574130
1475181660643268934,25713491
1475181660743268934,24052864
1475181660843268934,45939309
1475181660943268934,72656399
1475181661043268934,49292097
1475181661143268934,156380816
1475181661243268934,77604861
1475181661343268934,65801434
1475181661443268934,53228978
1475181661543268934,32256446
1475181661643268934,45080992
1475181661743268934,37398424
1475181661943268934,44935028
1475181661843268934,196611691
1475181662043268934,42116788
1475181662143268934,38668193
1475181662243268934,38236150
1475181662343268934,26245190
1475181662443268934,28297074
1475181662543268934,87213391
1475181662643268934,55199624
1475181662743268934,29838437
1475181662943268934,30245463
1475181663043268934,24469443
1475181662843268934,311900374
1475181663143268934,23486320
1475181663243268934,100826362
1475181663343268934,41840204
1475181663443268934,24938413
1475181663543268934,57979097
1475181663643268934,51576022
1475181663743268934,69680205
1475181663843268934,38811301
1475181663943268934,56328296
1475181664043268934,38642425
1475181664143268934,50717008
1475181664343268934,63282909
1475181664443268934,109303436
1475181664543268934,42938968
1475181664243268934,355089335
1475181664643268934,97226465
1475181664743268934,29683699
1475181664843268934,69124863
1475181664943268934,20743808
1475181665143268934,92230810
1475181665043268934,200112589
1475181665343268934,25978040
1475181665243268934,168384981
1475181665443268934,42721956
1475181665543268934,24924304
1475181665643268934,27345072
1475181665743268934,42565466
1475181665843268934,78237588
1475181665943268934,48867405
1475181666043268934,53851506
1475181666143268934,25156096
1475181666243268934,24863204
1475181666343268934,28455283
1475181666443268934,30919225
1475181666643268934,40533345
1475181666743268934,25541208
1475181666543268934,244313991
1475181666843268934,26790634
1475181666943268934,107226832
1475181667043268934,62127719
1475181667143268934,25043944
1475181667243268934,26340871
1475181667343268934,80661320
1475181667443268934,32194437
1475181667543268934,45650643
1475181667643268934,26618595
1475181667743268934,24112317
1475181667843268934,55030851
1475181667943268934,43281176
1475181668043268934,37241347
1475181668243268934,23154273
1475181668143268934,187887200
1475181668343268934,27150613
1475181668443268934,66086345
1475181668543268934,59568683
1475181668643268934,27619604
1475181668743268934,28135247
1475181668843268934,26178056
1475181668943268934,53654433
1475181669043268934,40388987
1475181669243268934,41991426
1475181669143268934,148479388
1475181669343268934,30785680
1475181669443268934,29920874
1475181669543268934,130263542
1475181669643268934,59931079
1475181669743268934,27629136
1475181669843268934,48771404
1475181669943268934,59501755
1475181670043268934,72257098
1475181670143268934,74703733
1475181670243268934,90289723
1475181670343268934,22502400
1475181670443268934,54386517
1475181670543268934,27388291
1475181670643268934,33788604
1475181670743268934,24707301
1475181670843268934,68023793
1475181670943268934,21048013
1475181671043268934,24174208
1475181671243268934,107785882
1475181671343268934,23853853
1475181671443268934,21999181
1475181671143268934,612263253
1475181671543268934,213561654
1475181671743268934,94805972
1475181671643268934,208348438
1475181671843268934,46029757
1475181671943268934,36358048
1475181672043268934,32600265
1475181672143268934,60282159
1475181672243268934,34935974
1475181672343268934,43766105
1475181672443268934,48218070
1475181672543268934,27881026
1475181672743268934,109844033
1475181672643268934,299401576
1475181672843268934,120256117
1475181672943268934,39869762
1475181673043268934,70762096
1475181673143268934,39470005
1475181673243268934,22717768
1475181673343268934,82584185
1475181673443268934,50735663
1475181673543268934,35086850
1475181673643268934,44624703
1475181673843268934,23502893
1475181673743268934,142513749
1475181673943268934,160411988
1475181674143268934,36405625
1475181674043268934,145027555
1475181674243268934,48984891
1475181674343268934,24608289
1475181674443268934,80682801
1475181674543268934,55079105
1475181674643268934,33441203
1475181674743268934,64974375
1475181674843268934,71508204
1475181674943268934,59077127
1475181675043268934,57164138
1475181675143268934,24042203
1475181675243268934,65807062
1475181675343268934,45095278
1475181675443268934,128757279
1475181675543268934,45470642
1475181675643268934,37484842
1475181675743268934,43898426
1475181675843268934,92174168
1475181675943268934,38301430
1475181676043268934,56340119
1475181676143268934,28159443
1475181676243268934,60576290
1475181676343268934,25521382
1475181676443268934,103911756
1475181676543268934,41121095
1475181676643268934,70731142
1475181676743268934,42554792
1475181676843268934,43292768
1475181676943268934,34086487
1475181677043268934,55069176
1475181677143268934,43597057
1475181677243268934,22814932
1475181677343268934,22210162
1475181677543268934,27773334
1475181677443268934,153238428
1475181677743268934,58598329
1475181677843268934,23870317
1475181677643268934,303577786
1475181677943268934,42824374
1475181678043268934,85399397
1475181678143268934,75169269
1475181678243268934,25453009
1475181678343268934,50300493
1475181678443268934,60883506
1475181678543268934,39216242
1475181678643268934,27587937
1475181678743268934,55639770
1475181678843268934,24059744
1475181678943268934,64648591
1475181679043268934,36120525
1475181679143268934,79376138
1475181679343268934,24068404
1475181679243268934,141175423
1475181679443268934,27114627
1475181679543268934,26963234
1475181679643268934,71658670
1475181679743268934,26986041
1475181679843268934,51994964
1475181679943268934,84762154
1475181680043268934,51058797
1475181680143268934,62581026
1475181680243268934,102297360
1475181680343268934,25788600
1475181680443268934,75201613
1475181680643268934,55563559
1475181680743268934,49787418
1475181680843268934,43867431
1475181680543268934,369525823
1475181680943268934,26348311
1475181681143268934,24263541
1475181681243268934,25491190
1475181681343268934,27654689
1475181681443268934,48735317
1475181681543268934,40357734
1475181681643268934,26438217
1475181681743268934,24552992
1475181681843268934,60509949
1475181681943268934,28337697
1475181682043268934,48559041
1475181682143268934,45483454
1475181682243268934,31602555
1475181682343268934,48863736
1475181682443268934,48358374
1475181682543268934,28861255
1475181681043268934,1644722382
1475181682643268934,161923027
1475181682743268934,147567403
1475181682843268934,56785278
1475181682943268934,24253300
1475181683043268934,81800353
1475181683143268934,39836015
1475181683343268934,50417511
1475181683243268934,174801735
1475181683443268934,35721699
1475181683543268934,35130175
1475181683643268934,48291980
1475181683743268934,45567638
1475181683843268934,30915910
1475181683943268934,114257428
1475181684043268934,102074060
1475181684243268934,171939162
1475181684143268934,275835721
1475181684443268934,24189167
1475181684543268934,54478619
1475181684743268934,31221929
1475181684343268934,647310119
1475181684843268934,189574046
1475181684943268934,100897746
1475181685043268934,35341394
1475181684643268934,445846520
1475181685143268934,70999517
1475181685243268934,69468469
